0.000, 0.040, 0.011, 0.000, 0.000
0.000, 0.011, 0.086, 0.000, 0.022
0.000, 0.011, 0.091, 0.000, 0.022
0.000, 0.011, 0.091, 0.005, 0.011
0.000, 0.022, 0.091, 0.005, 0.011
0.000, 0.000, 0.091, 0.005, 0.022
0.000, 0.040, 0.074, 0.005, 0.022
0.000, 0.011, 0.103, 0.000, 0.022
0.000, 0.005, 0.160, 0.005, 0.005
0.000, 0.017, 0.086, 0.005, 0.028
0.000, 0.011, 0.091, 0.011, 0.017
0.000, 0.017, 0.097, 0.000, 0.011
0.000, 0.011, 0.091, 0.000, 0.017
0.000, 0.000, 0.091, 0.011, 0.022
0.000, 0.000, 0.103, 0.005, 0.011
0.000, 0.005, 0.091, 0.000, 0.022
0.000, 0.017, 0.097, 0.022, 0.011
0.000, 0.000, 0.091, 0.011, 0.028
0.000, 0.005, 0.091, 0.011, 0.022
0.000, 0.000, 0.080, 0.028, 0.000
2.000, 0.000, 0.086, 0.000, 0.022
2.000, 0.017, 0.086, 0.005, 0.022
2.000, 0.022, 0.097, 0.005, 0.028
2.000, 0.011, 0.091, 0.000, 0.022
2.000, 0.011, 0.091, 0.000, 0.034
2.000, 0.000, 0.091, 0.000, 0.017
2.000, 0.000, 0.091, 0.005, 0.022
2.000, 0.017, 0.109, 0.000, 0.045
2.000, 0.045, 0.091, 0.000, 0.022
2.000, 0.011, 0.086, 0.028, 0.028
2.000, 0.005, 0.080, 0.011, 0.022
2.000, 0.005, 0.068, 0.000, 0.022
2.000, 0.000, 0.097, 0.000, 0.022
2.000, 0.005, 0.097, 0.000, 0.022
2.000, 0.017, 0.097, 0.005, 0.022
2.000, 0.022, 0.091, 0.000, 0.040
2.000, 0.011, 0.091, 0.011, 0.028
2.000, 0.017, 0.097, 0.005, 0.028
2.000, 0.040, 0.097, 0.005, 0.034
2.000, 0.022, 0.097, 0.000, 0.034
4.000, 0.005, 0.091, 0.005, 0.017
4.000, 0.000, 0.091, 0.000, 0.028
4.000, 0.005, 0.086, 0.000, 0.022
4.000, 0.017, 0.091, 0.000, 0.034
4.000, 0.000, 0.091, 0.011, 0.022
4.000, 0.011, 0.097, 0.005, 0.011
4.000, 0.000, 0.091, 0.000, 0.034
4.000, 0.000, 0.091, 0.000, 0.017
4.000, 0.005, 0.091, 0.000, 0.017
4.000, 0.022, 0.091, 0.005, 0.028
4.000, 0.011, 0.097, 0.011, 0.028
4.000, 0.022, 0.068, 0.000, 0.022
4.000, 0.011, 0.091, 0.011, 0.034
4.000, 0.000, 0.091, 0.005, 0.022
4.000, 0.005, 0.097, 0.000, 0.022
4.000, 0.022, 0.091, 0.000, 0.040
4.000, 0.017, 0.103, 0.011, 0.034
4.000, 0.005, 0.091, 0.000, 0.022
4.000, 0.022, 0.091, 0.011, 0.045
4.000, 0.011, 0.097, 0.022, 0.011
6.000, 0.005, 0.091, 0.011, 0.011
6.000, 0.005, 0.091, 0.000, 0.028
6.000, 0.017, 0.091, 0.000, 0.028
6.000, 0.005, 0.097, 0.005, 0.022
6.000, 0.011, 0.097, 0.017, 0.034
6.000, 0.022, 0.103, 0.000, 0.028
6.000, 0.011, 0.103, 0.000, 0.034
6.000, 0.011, 0.097, 0.000, 0.034
6.000, 0.011, 0.091, 0.000, 0.028
6.000, 0.000, 0.080, 0.005, 0.045
6.000, 0.017, 0.103, 0.000, 0.034
6.000, 0.017, 0.103, 0.000, 0.022
6.000, 0.005, 0.091, 0.005, 0.017
6.000, 0.022, 0.091, 0.005, 0.040
6.000, 0.000, 0.097, 0.000, 0.028
6.000, 0.011, 0.028, 0.005, 0.034
6.000, 0.017, 0.097, 0.000, 0.034
6.000, 0.017, 0.097, 0.000, 0.028
6.000, 0.005, 0.103, 0.000, 0.028
6.000, 0.011, 0.097, 0.000, 0.051
8.000, 0.000, 0.091, 0.011, 0.022
8.000, 0.011, 0.103, 0.005, 0.028
8.000, 0.000, 0.097, 0.000, 0.028
8.000, 0.017, 0.103, 0.011, 0.034
8.000, 0.005, 0.103, 0.005, 0.022
8.000, 0.017, 0.091, 0.000, 0.045
8.000, 0.000, 0.114, 0.011, 0.028
8.000, 0.005, 0.103, 0.000, 0.028
8.000, 0.011, 0.103, 0.011, 0.045
8.000, 0.005, 0.103, 0.000, 0.028
8.000, 0.011, 0.103, 0.005, 0.022
8.000, 0.005, 0.097, 0.000, 0.028
8.000, 0.005, 0.097, 0.005, 0.057
8.000, 0.011, 0.103, 0.011, 0.034
8.000, 0.011, 0.103, 0.011, 0.034
8.000, 0.028, 0.103, 0.000, 0.034
8.000, 0.000, 0.103, 0.017, 0.034
8.000, 0.011, 0.103, 0.000, 0.051
8.000, 0.017, 0.097, 0.005, 0.034
8.000, 0.017, 0.097, 0.000, 0.034
10.000, 0.017, 0.103, 0.028, 0.034
10.000, 0.005, 0.114, 0.000, 0.040
10.000, 0.011, 0.109, 0.000, 0.045
10.000, 0.011, 0.109, 0.005, 0.034
10.000, 0.022, 0.114, 0.005, 0.040
10.000, 0.011, 0.114, 0.000, 0.045
10.000, 0.011, 0.218, 0.005, 0.040
10.000, 0.011, 0.114, 0.000, 0.045
10.000, 0.017, 0.109, 0.017, 0.045
10.000, 0.000, 0.120, 0.000, 0.045
10.000, 0.005, 0.109, 0.000, 0.045
10.000, 0.022, 0.097, 0.005, 0.045
10.000, 0.017, 0.120, 0.000, 0.051
10.000, 0.022, 0.114, 0.000, 0.068
10.000, 0.017, 0.114, 0.011, 0.063
10.000, 0.000, 0.114, 0.000, 0.045
10.000, 0.011, 0.109, 0.017, 0.040
10.000, 0.000, 0.109, 0.005, 0.045
10.000, 0.022, 0.109, 0.011, 0.022
10.000, 0.017, 0.109, 0.000, 0.063
12.000, 0.011, 0.114, 0.011, 0.045
12.000, 0.057, 0.149, 0.022, 0.086
12.000, 0.045, 0.143, 0.000, 0.074
12.000, 0.063, 0.149, 0.000, 0.091
12.000, 0.063, 0.154, 0.000, 0.080
12.000, 0.045, 0.137, 0.022, 0.074
12.000, 0.045, 0.131, 0.000, 0.080
12.000, 0.051, 0.149, 0.000, 0.063
12.000, 0.045, 0.149, 0.000, 0.086
12.000, 0.051, 0.154, 0.000, 0.068
12.000, 0.045, 0.149, 0.000, 0.074
12.000, 0.057, 0.149, 0.000, 0.080
12.000, 0.057, 0.143, 0.005, 0.091
12.000, 0.040, 0.143, 0.000, 0.074
12.000, 0.063, 0.149, 0.028, 0.080
12.000, 0.040, 0.149, 0.005, 0.080
12.000, 0.057, 0.154, 0.011, 0.080
12.000, 0.045, 0.154, 0.000, 0.097
12.000, 0.045, 0.149, 0.000, 0.074
12.000, 0.063, 0.149, 0.005, 0.080
14.000, 0.051, 0.149, 0.005, 0.091
14.000, 0.103, 0.206, 0.011, 0.120
14.000, 0.097, 0.206, 0.005, 0.137
14.000, 0.109, 0.206, 0.011, 0.126
14.000, 0.114, 0.206, 0.017, 0.143
14.000, 0.103, 0.206, 0.011, 0.137
14.000, 0.103, 0.206, 0.005, 0.126
14.000, 0.114, 0.212, 0.034, 0.137
14.000, 0.103, 0.212, 0.011, 0.137
14.000, 0.103, 0.206, 0.017, 0.126
14.000, 0.114, 0.218, 0.011, 0.131
14.000, 0.120, 0.200, 0.028, 0.126
14.000, 0.109, 0.206, 0.022, 0.120
14.000, 0.103, 0.206, 0.011, 0.120
14.000, 0.103, 0.206, 0.017, 0.109
14.000, 0.109, 0.206, 0.022, 0.143
14.000, 0.097, 0.206, 0.011, 0.137
14.000, 0.109, 0.206, 0.028, 0.137
14.000, 0.103, 0.218, 0.011, 0.137
14.000, 0.109, 0.206, 0.022, 0.154
16.000, 0.103, 0.206, 0.011, 0.131
16.000, 0.160, 0.263, 0.080, 0.200
16.000, 0.172, 0.275, 0.091, 0.200
16.000, 0.160, 0.263, 0.086, 0.195
16.000, 0.166, 0.275, 0.080, 0.195
16.000, 0.172, 0.263, 0.080, 0.183
16.000, 0.160, 0.269, 0.086, 0.189
16.000, 0.172, 0.263, 0.080, 0.183
16.000, 0.172, 0.269, 0.074, 0.200
16.000, 0.183, 0.263, 0.091, 0.183
16.000, 0.166, 0.263, 0.080, 0.195
16.000, 0.183, 0.263, 0.080, 0.189
16.000, 0.183, 0.263, 0.074, 0.183
16.000, 0.160, 0.252, 0.091, 0.189
16.000, 0.183, 0.252, 0.080, 0.183
16.000, 0.149, 0.263, 0.080, 0.195
16.000, 0.154, 0.263, 0.057, 0.195
16.000, 0.166, 0.263, 0.086, 0.195
16.000, 0.172, 0.275, 0.080, 0.195
16.000, 0.160, 0.263, 0.057, 0.200
18.000, 0.160, 0.275, 0.068, 0.189
18.000, 0.218, 0.327, 0.137, 0.263
18.000, 0.235, 0.332, 0.143, 0.246
18.000, 0.218, 0.327, 0.137, 0.258
18.000, 0.229, 0.321, 0.137, 0.252
18.000, 0.235, 0.332, 0.131, 0.263
18.000, 0.223, 0.332, 0.160, 0.246
18.000, 0.229, 0.327, 0.149, 0.263
18.000, 0.229, 0.327, 0.137, 0.263
18.000, 0.218, 0.327, 0.131, 0.263
18.000, 0.218, 0.332, 0.137, 0.252
18.000, 0.235, 0.332, 0.143, 0.258
18.000, 0.218, 0.332, 0.137, 0.252
18.000, 0.229, 0.327, 0.149, 0.252
18.000, 0.223, 0.332, 0.126, 0.258
18.000, 0.235, 0.367, 0.149, 0.252
18.000, 0.235, 0.338, 0.149, 0.263
18.000, 0.235, 0.332, 0.172, 0.235
18.000, 0.246, 0.327, 0.126, 0.263
18.000, 0.240, 0.338, 0.149, 0.252
20.000, 0.223, 0.332, 0.143, 0.263
20.000, 0.281, 0.390, 0.206, 0.309
20.000, 0.292, 0.401, 0.206, 0.292
20.000, 0.281, 0.401, 0.200, 0.321
20.000, 0.292, 0.395, 0.212, 0.315
20.000, 0.298, 0.390, 0.206, 0.315
20.000, 0.292, 0.395, 0.235, 0.309
20.000, 0.286, 0.395, 0.206, 0.321
20.000, 0.281, 0.390, 0.206, 0.321
20.000, 0.292, 0.395, 0.195, 0.315
20.000, 0.281, 0.401, 0.218, 0.327
20.000, 0.286, 0.390, 0.183, 0.344
20.000, 0.281, 0.390, 0.195, 0.321
20.000, 0.275, 0.395, 0.206, 0.321
20.000, 0.286, 0.395, 0.229, 0.332
20.000, 0.292, 0.401, 0.212, 0.321
20.000, 0.286, 0.395, 0.218, 0.304
20.000, 0.298, 0.390, 0.212, 0.309
20.000, 0.298, 0.395, 0.212, 0.304
20.000, 0.281, 0.390, 0.212, 0.304
22.000, 0.298, 0.384, 0.206, 0.321
22.000, 0.367, 0.476, 0.292, 0.390
22.000, 0.355, 0.470, 0.286, 0.378
22.000, 0.344, 0.464, 0.263, 0.390
22.000, 0.355, 0.458, 0.275, 0.378
22.000, 0.344, 0.464, 0.263, 0.378
22.000, 0.355, 0.464, 0.263, 0.384
22.000, 0.367, 0.464, 0.275, 0.413
22.000, 0.367, 0.458, 0.275, 0.401
22.000, 0.344, 0.470, 0.275, 0.378
22.000, 0.355, 0.464, 0.286, 0.395
22.000, 0.367, 0.447, 0.298, 0.367
22.000, 0.344, 0.481, 0.252, 0.390
22.000, 0.349, 0.470, 0.252, 0.395
22.000, 0.367, 0.458, 0.275, 0.424
22.000, 0.367, 0.458, 0.263, 0.390
22.000, 0.367, 0.470, 0.235, 0.378
22.000, 0.355, 0.470, 0.275, 0.401
22.000, 0.332, 0.464, 0.263, 0.367
22.000, 0.349, 0.458, 0.252, 0.390
24.000, 0.349, 0.464, 0.286, 0.390
24.000, 0.424, 0.527, 0.344, 0.447
24.000, 0.418, 0.527, 0.332, 0.441
24.000, 0.430, 0.527, 0.344, 0.441
24.000, 0.401, 0.527, 0.344, 0.441
24.000, 0.424, 0.527, 0.338, 0.441
24.000, 0.430, 0.533, 0.355, 0.464
24.000, 0.401, 0.533, 0.332, 0.436
24.000, 0.424, 0.533, 0.367, 0.430
24.000, 0.407, 0.516, 0.338, 0.453
24.000, 0.430, 0.533, 0.332, 0.441
24.000, 0.418, 0.533, 0.349, 0.447
24.000, 0.413, 0.527, 0.344, 0.458
24.000, 0.424, 0.550, 0.332, 0.458
24.000, 0.430, 0.533, 0.355, 0.470
24.000, 0.407, 0.533, 0.338, 0.453
24.000, 0.413, 0.527, 0.332, 0.458
24.000, 0.424, 0.533, 0.349, 0.436
24.000, 0.413, 0.539, 0.344, 0.458
24.000, 0.413, 0.527, 0.344, 0.458
26.000, 0.418, 0.533, 0.332, 0.453
26.000, 0.487, 0.596, 0.413, 0.504
26.000, 0.470, 0.608, 0.413, 0.516
26.000, 0.470, 0.608, 0.390, 0.522
26.000, 0.470, 0.602, 0.436, 0.522
26.000, 0.487, 0.596, 0.401, 0.510
26.000, 0.476, 0.602, 0.395, 0.527
26.000, 0.476, 0.602, 0.413, 0.504
26.000, 0.487, 0.608, 0.418, 0.550
26.000, 0.481, 0.608, 0.424, 0.522
26.000, 0.481, 0.608, 0.401, 0.539
26.000, 0.487, 0.585, 0.378, 0.522
26.000, 0.481, 0.602, 0.424, 0.516
26.000, 0.476, 0.596, 0.390, 0.527
26.000, 0.470, 0.608, 0.436, 0.516
26.000, 0.476, 0.602, 0.413, 0.516
26.000, 0.499, 0.596, 0.418, 0.527
26.000, 0.487, 0.602, 0.413, 0.516
26.000, 0.493, 0.602, 0.424, 0.516
26.000, 0.476, 0.602, 0.390, 0.516
28.000, 0.487, 0.602, 0.424, 0.504
28.000, 0.527, 0.677, 0.453, 0.596
28.000, 0.533, 0.671, 0.481, 0.579
28.000, 0.550, 0.677, 0.436, 0.585
28.000, 0.545, 0.654, 0.487, 0.573
28.000, 0.539, 0.671, 0.481, 0.585
28.000, 0.550, 0.688, 0.481, 0.579
28.000, 0.539, 0.677, 0.476, 0.573
28.000, 0.608, 0.677, 0.464, 0.602
28.000, 0.539, 0.659, 0.470, 0.590
28.000, 0.545, 0.671, 0.504, 0.567
28.000, 0.545, 0.677, 0.458, 0.579
28.000, 0.550, 0.665, 0.470, 0.573
28.000, 0.539, 0.665, 0.481, 0.585
28.000, 0.550, 0.677, 0.481, 0.596
28.000, 0.556, 0.665, 0.516, 0.585
28.000, 0.556, 0.665, 0.487, 0.579
28.000, 0.550, 0.654, 0.470, 0.573
28.000, 0.533, 0.665, 0.458, 0.585
28.000, 0.533, 0.665, 0.487, 0.579
30.000, 0.550, 0.665, 0.453, 0.585
30.000, 0.613, 0.740, 0.539, 0.642
30.000, 0.602, 0.740, 0.573, 0.654
30.000, 0.602, 0.745, 0.550, 0.659
30.000, 0.596, 0.745, 0.539, 0.654
30.000, 0.602, 0.745, 0.527, 0.665
30.000, 0.619, 0.745, 0.550, 0.654
30.000, 0.613, 0.745, 0.527, 0.688
30.000, 0.602, 0.734, 0.533, 0.654
30.000, 0.613, 0.751, 0.550, 0.642
30.000, 0.608, 0.734, 0.585, 0.659
30.000, 0.602, 0.734, 0.556, 0.648
30.000, 0.619, 0.745, 0.533, 0.654
30.000, 0.613, 0.740, 0.562, 0.654
30.000, 0.613, 0.734, 0.527, 0.642
30.000, 0.602, 0.745, 0.562, 0.648
30.000, 0.608, 0.745, 0.550, 0.636
30.000, 0.608, 0.745, 0.550, 0.642
30.000, 0.608, 0.745, 0.545, 0.642
30.000, 0.608, 0.745, 0.539, 0.654
32.000, 0.619, 0.745, 0.556, 0.659
32.000, 0.677, 0.814, 0.636, 0.722
32.000, 0.682, 0.803, 0.602, 0.722
32.000, 0.682, 0.826, 0.585, 0.734
32.000, 0.665, 0.808, 0.608, 0.722
32.000, 0.682, 0.814, 0.613, 0.711
32.000, 0.682, 0.814, 0.625, 0.722
32.000, 0.682, 0.814, 0.671, 0.734
32.000, 0.677, 0.808, 0.608, 0.711
32.000, 0.677, 0.814, 0.579, 0.722
32.000, 0.671, 0.814, 0.608, 0.705
32.000, 0.665, 0.814, 0.602, 0.711
32.000, 0.677, 0.808, 0.608, 0.717
32.000, 0.671, 0.814, 0.619, 0.717
32.000, 0.665, 0.826, 0.608, 0.717
32.000, 0.671, 0.808, 0.590, 0.734
32.000, 0.677, 0.814, 0.619, 0.711
32.000, 0.671, 0.849, 0.625, 0.717
32.000, 0.665, 0.814, 0.602, 0.717
32.000, 0.677, 0.814, 0.596, 0.694
34.000, 0.688, 0.814, 0.625, 0.722
34.000, 0.745, 0.889, 0.688, 0.786
34.000, 0.745, 0.906, 0.688, 0.774
34.000, 0.740, 0.889, 0.659, 0.797
34.000, 0.745, 0.872, 0.665, 0.808
34.000, 0.751, 0.889, 0.654, 0.791
34.000, 0.734, 0.883, 0.677, 0.786
34.000, 0.734, 0.883, 0.665, 0.791
34.000, 0.734, 0.849, 0.694, 0.791
34.000, 0.740, 0.889, 0.699, 0.780
34.000, 0.740, 0.917, 0.699, 0.791
34.000, 0.734, 0.889, 0.688, 0.803
34.000, 0.751, 0.883, 0.642, 0.808
34.000, 0.740, 0.889, 0.688, 0.780
34.000, 0.734, 0.889, 0.665, 0.780
34.000, 0.734, 0.889, 0.654, 0.837
34.000, 0.745, 0.877, 0.677, 0.791
34.000, 0.734, 0.883, 0.682, 0.791
34.000, 0.745, 0.883, 0.648, 0.768
34.000, 0.757, 0.883, 0.631, 0.791
36.000, 0.751, 0.883, 0.677, 0.803
36.000, 0.803, 0.958, 0.745, 0.860
36.000, 0.808, 0.963, 0.740, 0.866
36.000, 0.791, 0.952, 0.751, 0.843
36.000, 0.808, 0.963, 0.745, 0.854
36.000, 0.826, 0.963, 0.745, 0.854
36.000, 0.814, 0.963, 0.734, 0.854
36.000, 0.803, 0.963, 0.711, 0.849
36.000, 0.797, 0.975, 0.780, 0.860
36.000, 0.808, 0.958, 0.717, 0.860
36.000, 0.791, 0.958, 0.745, 0.860
36.000, 0.797, 0.963, 0.745, 0.849
36.000, 0.814, 0.963, 0.757, 0.849
36.000, 0.797, 0.975, 0.757, 0.854
36.000, 0.814, 0.969, 0.768, 0.837
36.000, 0.814, 0.969, 0.768, 0.854
36.000, 0.814, 0.958, 0.734, 0.837
36.000, 0.814, 0.963, 0.705, 0.872
36.000, 0.803, 0.963, 0.734, 0.866
36.000, 0.808, 0.963, 0.740, 0.837
38.000, 0.814, 0.975, 0.768, 0.854
38.000, 0.866, 1.032, 0.826, 0.929
38.000, 0.872, 1.038, 0.791, 0.917
38.000, 0.883, 1.032, 0.826, 0.889
38.000, 0.866, 1.038, 0.791, 0.917
38.000, 0.866, 1.032, 0.808, 0.917
38.000, 0.860, 1.032, 0.814, 0.935
38.000, 0.872, 1.032, 0.826, 0.917
38.000, 0.872, 1.044, 0.826, 0.923
38.000, 0.872, 1.101, 0.803, 0.917
38.000, 0.860, 1.044, 0.642, 0.929
38.000, 0.872, 1.032, 0.826, 0.906
38.000, 0.854, 1.038, 0.814, 0.923
38.000, 0.872, 1.038, 0.803, 0.917
38.000, 0.860, 1.032, 0.831, 0.917
38.000, 0.866, 1.032, 0.826, 0.929
38.000, 0.837, 1.038, 0.826, 0.917
38.000, 0.883, 1.032, 0.774, 0.946
38.000, 0.900, 1.032, 0.786, 0.929
38.000, 0.872, 1.032, 0.826, 0.895
40.000, 0.860, 1.021, 0.814, 0.952
40.000, 0.929, 1.101, 0.900, 0.975
40.000, 0.935, 1.107, 0.900, 0.998
40.000, 0.946, 1.113, 0.883, 0.963
40.000, 0.946, 1.113, 0.872, 1.009
40.000, 0.935, 1.113, 0.889, 0.975
40.000, 0.917, 1.113, 0.889, 0.975
40.000, 0.923, 1.101, 0.883, 0.975
40.000, 0.929, 1.107, 0.900, 0.981
40.000, 0.929, 1.199, 0.900, 0.998
40.000, 0.952, 1.118, 0.889, 0.992
40.000, 0.929, 1.067, 0.883, 0.981
40.000, 0.940, 1.113, 0.837, 1.015
40.000, 0.946, 1.113, 0.814, 0.981
40.000, 0.940, 1.101, 0.872, 0.992
40.000, 0.923, 1.107, 0.883, 0.992
40.000, 0.946, 1.118, 0.866, 0.986
40.000, 0.940, 1.118, 0.900, 0.981
40.000, 0.940, 1.009, 0.923, 0.986
40.000, 0.940, 1.113, 0.912, 0.986
42.000, 0.935, 1.118, 0.883, 1.009
42.000, 0.992, 1.193, 0.946, 1.067
42.000, 1.015, 1.181, 0.929, 1.026
42.000, 0.986, 1.181, 0.981, 1.055
42.000, 0.998, 1.170, 0.963, 1.044
42.000, 1.009, 1.181, 0.975, 1.032
42.000, 1.004, 1.124, 0.975, 1.055
42.000, 0.998, 1.181, 0.963, 1.055
42.000, 1.009, 1.187, 0.981, 1.055
42.000, 1.004, 1.181, 0.900, 1.067
42.000, 0.986, 1.181, 0.940, 1.072
42.000, 0.992, 1.187, 0.963, 1.061
42.000, 0.998, 1.176, 0.969, 1.055
42.000, 0.992, 1.193, 0.952, 1.055
42.000, 0.992, 1.193, 0.963, 1.061
42.000, 0.946, 1.181, 0.963, 1.049
42.000, 1.009, 1.170, 0.923, 1.055
42.000, 0.998, 1.181, 0.940, 1.032
42.000, 0.992, 1.187, 0.929, 1.032
42.000, 0.998, 1.170, 0.963, 1.021
44.000, 1.032, 1.153, 0.952, 1.044
44.000, 1.067, 1.239, 1.004, 1.130
44.000, 1.049, 1.250, 1.032, 1.130
44.000, 1.055, 1.262, 1.038, 1.118
44.000, 1.061, 1.256, 1.038, 1.147
44.000, 1.055, 1.239, 1.026, 1.124
44.000, 1.078, 1.233, 1.021, 1.130
44.000, 1.078, 1.239, 0.992, 1.124
44.000, 1.067, 1.267, 1.049, 1.124
44.000, 1.061, 1.273, 1.044, 1.113
44.000, 1.067, 1.262, 1.026, 1.101
44.000, 1.061, 1.256, 1.009, 1.078
44.000, 1.049, 1.262, 1.026, 1.113
44.000, 0.986, 1.250, 1.044, 1.113
44.000, 1.055, 1.250, 1.032, 1.124
44.000, 1.067, 1.262, 1.021, 1.107
44.000, 1.078, 1.262, 1.049, 1.124
44.000, 1.072, 1.250, 0.981, 1.124
44.000, 1.067, 1.250, 1.026, 1.107
44.000, 1.072, 1.256, 1.015, 1.090
46.000, 1.049, 1.250, 1.021, 1.118
46.000, 1.118, 1.331, 1.101, 1.193
46.000, 1.113, 1.325, 1.113, 1.193
46.000, 1.118, 1.319, 1.101, 1.193
46.000, 1.135, 1.336, 1.084, 1.090
46.000, 1.147, 1.399, 1.061, 1.193
46.000, 1.147, 1.325, 1.124, 1.193
46.000, 1.135, 1.331, 1.124, 1.187
46.000, 1.124, 1.331, 1.049, 1.193
46.000, 1.135, 1.319, 1.044, 1.181
46.000, 1.141, 1.319, 1.084, 1.216
46.000, 1.118, 1.331, 1.084, 1.216
46.000, 1.118, 1.331, 1.044, 1.227
46.000, 1.130, 1.331, 1.044, 1.187
46.000, 1.124, 1.331, 1.078, 1.181
46.000, 1.113, 1.319, 1.113, 1.170
46.000, 1.130, 1.319, 1.090, 1.199
46.000, 1.124, 1.319, 1.067, 1.170
46.000, 1.124, 1.331, 1.090, 1.176
48.000, 1.130, 1.342, 1.124, 1.181
48.000, 1.199, 1.399, 1.210, 1.250
48.000, 1.193, 1.417, 1.170, 1.262
48.000, 1.193, 1.405, 1.176, 1.273
48.000, 1.199, 1.411, 1.147, 1.256
48.000, 1.204, 1.411, 1.124, 1.250
48.000, 1.193, 1.411, 1.113, 1.250
48.000, 1.193, 1.399, 1.118, 1.227
48.000, 1.193, 1.417, 1.124, 1.239
48.000, 1.199, 1.399, 1.199, 1.250
48.000, 1.193, 1.399, 1.210, 1.244
48.000, 1.204, 1.399, 1.164, 1.244
48.000, 1.181, 1.399, 1.130, 1.279
48.000, 1.199, 1.399, 1.124, 1.256
48.000, 1.176, 1.399, 1.158, 1.256
48.000, 1.187, 1.417, 1.158, 1.256
48.000, 1.181, 1.399, 1.158, 1.239
48.000, 1.187, 1.399, 1.170, 1.256
48.000, 1.181, 1.394, 1.124, 1.250
48.000, 1.187, 1.399, 1.176, 1.250
50.000, 1.331, 1.394, 1.199, 1.250
50.000, 1.267, 1.474, 1.216, 1.331
50.000, 1.227, 1.468, 1.250, 1.331
50.000, 1.262, 1.480, 1.262, 1.342
50.000, 1.250, 1.480, 1.250, 1.342
50.000, 1.262, 1.480, 1.193, 1.308
50.000, 1.262, 1.474, 1.170, 1.365
50.000, 1.267, 1.474, 1.170, 1.325
50.000, 1.239, 1.480, 1.222, 1.342
50.000, 1.262, 1.474, 1.227, 1.296
50.000, 1.256, 1.468, 1.204, 1.342
50.000, 1.256, 1.451, 1.222, 1.331
50.000, 1.239, 1.480, 1.227, 1.336
50.000, 1.244, 1.480, 1.233, 1.319
50.000, 1.244, 1.474, 1.233, 1.331
50.000, 1.244, 1.474, 1.216, 1.325
50.000, 1.250, 1.468, 1.233, 1.319
50.000, 1.250, 1.468, 1.244, 1.313
50.000, 1.239, 1.485, 1.239, 1.331
50.000, 1.239, 1.468, 1.256, 1.331
52.000, 1.239, 1.468, 1.256, 1.331
52.000, 1.331, 1.572, 1.319, 1.405
52.000, 1.336, 1.560, 1.267, 1.394
52.000, 1.331, 1.549, 1.336, 1.399
52.000, 1.331, 1.549, 1.331, 1.399
52.000, 1.331, 1.543, 1.331, 1.399
52.000, 1.336, 1.549, 1.313, 1.399
52.000, 1.325, 1.549, 1.256, 1.382
52.000, 1.325, 1.572, 1.331, 1.468
52.000, 1.342, 1.560, 1.216, 1.371
52.000, 1.325, 1.572, 1.296, 1.359
52.000, 1.319, 1.549, 1.250, 1.399
52.000, 1.331, 1.549, 1.296, 1.394
52.000, 1.331, 1.537, 1.244, 1.394
52.000, 1.331, 1.549, 1.216, 1.434
52.000, 1.331, 1.560, 1.262, 1.411
52.000, 1.325, 1.549, 1.279, 1.342
52.000, 1.319, 1.560, 1.285, 1.394
52.000, 1.313, 1.549, 1.302, 1.376
52.000, 1.308, 1.549, 1.296, 1.417
54.000, 1.302, 1.537, 1.285, 1.399
54.000, 1.376, 1.612, 1.348, 1.445
54.000, 1.388, 1.640, 1.342, 1.457
54.000, 1.382, 1.606, 1.376, 1.445
54.000, 1.376, 1.617, 1.354, 1.445
54.000, 1.376, 1.623, 1.331, 1.503
54.000, 1.388, 1.629, 1.359, 1.457
54.000, 1.388, 1.617, 1.359, 1.468
54.000, 1.382, 1.606, 1.296, 1.445
54.000, 1.417, 1.594, 1.417, 1.468
54.000, 1.388, 1.617, 1.331, 1.474
54.000, 1.382, 1.623, 1.296, 1.485
54.000, 1.394, 1.617, 1.365, 1.497
54.000, 1.382, 1.640, 1.342, 1.485
54.000, 1.382, 1.617, 1.308, 1.480
54.000, 1.394, 1.612, 1.319, 1.457
54.000, 1.371, 1.612, 1.348, 1.445
54.000, 1.365, 1.617, 1.319, 1.445
54.000, 1.382, 1.617, 1.354, 1.457
54.000, 1.394, 1.612, 1.354, 1.445
56.000, 1.388, 1.617, 1.371, 1.445
56.000, 1.445, 1.681, 1.445, 1.514
56.000, 1.457, 1.698, 1.422, 1.537
56.000, 1.468, 1.686, 1.434, 1.526
56.000, 1.445, 1.675, 1.376, 1.497
56.000, 1.468, 1.675, 1.491, 1.549
56.000, 1.434, 1.698, 1.388, 1.514
56.000, 1.451, 1.698, 1.417, 1.531
56.000, 1.468, 1.686, 1.417, 1.526
56.000, 1.468, 1.681, 1.394, 1.520
56.000, 1.468, 1.675, 1.331, 1.526
56.000, 1.468, 1.686, 1.388, 1.491
56.000, 1.440, 1.686, 1.399, 1.549
56.000, 1.445, 1.675, 1.434, 1.652
56.000, 1.457, 1.686, 1.399, 1.503
56.000, 1.468, 1.686, 1.399, 1.531
56.000, 1.428, 1.698, 1.394, 1.514
56.000, 1.434, 1.686, 1.428, 1.537
56.000, 1.451, 1.686, 1.480, 1.520
56.000, 1.468, 1.686, 1.445, 1.526
58.000, 1.440, 1.663, 1.440, 1.526
58.000, 1.514, 1.755, 1.520, 1.594
58.000, 1.514, 1.755, 1.520, 1.600
58.000, 1.526, 1.767, 1.480, 1.606
58.000, 1.514, 1.744, 1.480, 1.606
58.000, 1.520, 1.767, 1.526, 1.623
58.000, 1.520, 1.749, 1.526, 1.606
58.000, 1.514, 1.761, 1.594, 1.589
58.000, 1.503, 1.755, 1.434, 1.606
58.000, 1.520, 1.767, 1.514, 1.652
58.000, 1.497, 1.755, 1.468, 1.606
58.000, 1.543, 1.755, 1.468, 1.606
58.000, 1.497, 1.755, 1.491, 1.577
58.000, 1.514, 1.755, 1.480, 1.617
58.000, 1.468, 1.749, 1.480, 1.600
58.000, 1.503, 1.749, 1.388, 1.583
58.000, 1.514, 1.755, 1.468, 1.572
58.000, 1.503, 1.744, 1.514, 1.583
58.000, 1.508, 1.761, 1.497, 1.594
58.000, 1.526, 1.749, 1.491, 1.589
60.000, 1.520, 1.761, 1.503, 1.594
60.000, 1.594, 1.824, 1.537, 1.663
60.000, 1.577, 1.801, 1.549, 1.640
60.000, 1.566, 1.824, 1.468, 1.635
60.000, 1.583, 1.824, 1.480, 1.675
60.000, 1.583, 1.824, 1.572, 1.606
60.000, 1.577, 1.824, 1.566, 1.675
60.000, 1.572, 1.818, 1.549, 1.652
60.000, 1.560, 1.824, 1.560, 1.675
60.000, 1.572, 1.824, 1.560, 1.640
60.000, 1.560, 1.824, 1.549, 1.663
60.000, 1.566, 1.824, 1.577, 1.663
60.000, 1.577, 1.824, 1.583, 1.658
60.000, 1.566, 1.824, 1.560, 1.652
60.000, 1.560, 1.801, 1.549, 1.652
60.000, 1.589, 1.812, 1.612, 1.675
60.000, 1.589, 1.812, 1.583, 1.675
60.000, 1.594, 1.818, 1.514, 1.652
60.000, 1.583, 1.824, 1.629, 1.681
60.000, 1.749, 1.824, 1.635, 1.669
62.000, 1.577, 1.824, 1.549, 1.617
62.000, 1.652, 1.893, 1.549, 1.749
62.000, 1.635, 1.893, 1.543, 1.744
62.000, 1.635, 1.899, 1.577, 1.761
62.000, 1.635, 1.893, 1.583, 1.744
62.000, 1.640, 1.893, 1.623, 1.686
62.000, 1.652, 1.847, 1.600, 1.698
62.000, 1.629, 1.893, 1.617, 1.744
62.000, 1.617, 1.881, 1.617, 1.732
62.000, 1.635, 1.893, 1.629, 1.732
62.000, 1.640, 1.893, 1.635, 1.726
62.000, 1.617, 2.076, 1.652, 1.726
62.000, 1.646, 1.870, 1.617, 1.732
62.000, 1.681, 1.881, 1.675, 1.738
62.000, 1.652, 1.876, 1.606, 1.738
62.000, 1.629, 1.899, 1.572, 1.686
62.000, 1.640, 1.899, 1.646, 1.675
62.000, 1.629, 1.835, 1.549, 1.778
62.000, 1.629, 1.893, 1.606, 1.835
62.000, 1.640, 1.881, 1.583, 1.698
64.000, 1.629, 1.887, 1.600, 1.755
64.000, 1.686, 1.962, 1.675, 1.801
64.000, 1.686, 1.962, 1.669, 1.812
64.000, 1.698, 1.962, 1.686, 1.801
64.000, 1.698, 1.962, 1.681, 1.801
64.000, 1.698, 1.927, 1.692, 1.790
64.000, 1.703, 1.939, 1.675, 1.795
64.000, 1.681, 1.962, 1.669, 1.784
64.000, 1.692, 1.962, 1.709, 1.807
64.000, 1.709, 1.950, 1.744, 1.807
64.000, 1.709, 1.927, 1.755, 1.812
64.000, 1.709, 1.950, 1.698, 1.790
64.000, 1.709, 1.950, 1.640, 1.812
64.000, 1.703, 1.962, 1.675, 1.698
64.000, 1.698, 1.967, 1.669, 1.744
64.000, 1.703, 1.956, 1.675, 1.749
64.000, 1.709, 1.950, 1.663, 1.755
64.000, 1.686, 1.950, 1.686, 1.795
64.000, 1.686, 1.950, 1.686, 1.795
64.000, 1.681, 1.944, 1.686, 1.790
66.000, 1.692, 1.927, 1.681, 1.778
66.000, 1.749, 2.019, 1.749, 1.853
66.000, 1.755, 2.019, 1.755, 1.858
66.000, 1.749, 2.019, 1.738, 1.853
66.000, 1.761, 2.013, 1.635, 1.835
66.000, 1.778, 2.019, 1.767, 1.858
66.000, 1.772, 2.019, 1.801, 1.864
66.000, 1.772, 2.013, 1.732, 1.847
66.000, 1.761, 2.019, 1.732, 1.847
66.000, 1.772, 2.025, 1.795, 1.853
66.000, 1.767, 2.019, 1.675, 1.853
66.000, 1.772, 2.019, 1.732, 1.812
66.000, 1.755, 2.019, 1.744, 1.858
66.000, 1.744, 2.019, 1.744, 1.847
66.000, 1.744, 2.019, 1.744, 1.858
66.000, 1.761, 2.019, 1.784, 1.847
66.000, 1.772, 2.019, 1.755, 1.847
66.000, 1.767, 2.008, 1.635, 1.835
66.000, 1.767, 2.008, 1.703, 1.858
66.000, 1.767, 2.019, 1.761, 1.795
68.000, 1.755, 2.019, 1.744, 1.812
68.000, 1.812, 2.076, 1.790, 1.973
68.000, 1.812, 2.076, 1.812, 1.921
68.000, 1.807, 2.082, 1.801, 1.904
68.000, 1.801, 2.076, 1.801, 1.916
68.000, 1.824, 2.088, 1.812, 1.956
68.000, 1.835, 2.082, 1.801, 1.916
68.000, 1.853, 2.076, 1.801, 1.921
68.000, 1.824, 2.094, 1.835, 1.927
68.000, 1.818, 2.088, 1.778, 1.881
68.000, 1.812, 2.076, 1.801, 1.973
68.000, 1.812, 2.088, 1.801, 1.939
68.000, 1.812, 2.076, 1.807, 1.927
68.000, 1.818, 2.099, 1.801, 1.916
68.000, 1.830, 2.082, 1.812, 1.916
68.000, 1.812, 2.053, 1.807, 1.916
68.000, 1.801, 2.076, 1.835, 1.916
68.000, 1.784, 2.076, 1.847, 1.962
68.000, 1.824, 2.071, 1.835, 1.904
68.000, 1.824, 2.088, 1.870, 1.933
70.000, 1.824, 2.076, 1.847, 1.939
70.000, 1.881, 2.134, 1.916, 2.008
70.000, 1.887, 2.168, 1.812, 1.950
70.000, 1.899, 2.151, 1.881, 2.031
70.000, 1.893, 2.145, 1.835, 2.048
70.000, 1.881, 2.151, 1.709, 2.013
70.000, 1.893, 2.145, 1.899, 1.927
70.000, 1.887, 2.145, 1.893, 1.973
70.000, 1.887, 2.157, 1.835, 1.973
70.000, 1.887, 2.157, 1.812, 1.956
70.000, 1.887, 2.145, 1.801, 1.973
70.000, 1.921, 2.145, 1.807, 1.973
70.000, 1.881, 2.168, 1.876, 2.008
70.000, 1.858, 2.140, 1.881, 1.979
70.000, 1.858, 2.145, 1.881, 1.979
70.000, 1.870, 2.140, 1.881, 1.985
70.000, 1.835, 2.122, 1.847, 1.985
70.000, 1.876, 2.145, 1.899, 1.962
70.000, 1.887, 2.140, 1.870, 1.973
70.000, 1.893, 2.145, 1.893, 1.973
72.000, 1.927, 2.151, 1.881, 1.967
72.000, 1.962, 2.214, 1.944, 2.048
72.000, 1.967, 2.214, 1.904, 2.065
72.000, 1.944, 2.214, 2.002, 2.065
72.000, 1.950, 2.203, 1.835, 2.088
72.000, 1.950, 2.214, 1.962, 2.008
72.000, 1.939, 2.214, 1.916, 2.065
72.000, 1.927, 2.214, 1.916, 2.031
72.000, 1.973, 2.214, 1.944, 2.065
72.000, 1.916, 2.214, 1.893, 2.031
72.000, 1.927, 2.203, 1.933, 2.036
72.000, 1.944, 2.203, 1.893, 2.042
72.000, 1.944, 2.203, 1.939, 2.036
72.000, 1.939, 2.191, 1.927, 2.053
72.000, 1.950, 2.203, 1.893, 1.916
72.000, 1.950, 2.214, 1.910, 2.048
72.000, 1.944, 2.220, 1.881, 2.031
72.000, 1.939, 2.214, 1.939, 2.053
72.000, 1.944, 2.214, 1.962, 2.008
72.000, 1.944, 2.214, 1.858, 2.042
74.000, 1.933, 2.203, 1.939, 2.031
74.000, 1.990, 2.271, 2.008, 2.140
74.000, 2.019, 2.271, 2.008, 2.122
74.000, 1.990, 2.271, 2.019, 2.111
74.000, 1.973, 2.168, 1.990, 2.122
74.000, 1.996, 2.260, 2.019, 2.088
74.000, 1.996, 2.271, 2.059, 2.094
74.000, 2.008, 2.283, 2.002, 2.134
74.000, 2.019, 2.294, 1.985, 2.099
74.000, 2.013, 2.283, 1.973, 2.134
74.000, 1.996, 2.283, 1.990, 2.099
74.000, 2.008, 2.271, 1.916, 2.111
74.000, 2.008, 2.266, 1.985, 2.088
74.000, 2.002, 2.271, 1.939, 2.099
74.000, 1.979, 2.271, 2.008, 2.099
74.000, 1.979, 2.249, 2.008, 2.099
74.000, 1.990, 2.271, 1.985, 2.099
74.000, 2.008, 2.271, 1.973, 2.099
74.000, 2.002, 2.260, 2.157, 2.099
74.000, 1.996, 2.271, 1.950, 2.111
76.000, 2.271, 2.283, 1.996, 2.088
76.000, 2.065, 2.340, 2.042, 2.145
76.000, 2.065, 2.335, 2.031, 2.220
76.000, 2.065, 2.340, 2.031, 2.140
76.000, 2.053, 2.340, 2.053, 2.162
76.000, 2.053, 2.329, 2.053, 2.214
76.000, 2.053, 2.335, 2.031, 2.162
76.000, 2.042, 2.335, 2.053, 2.145
76.000, 2.036, 2.340, 2.048, 2.180
76.000, 2.065, 2.323, 2.042, 2.203
76.000, 2.065, 2.076, 2.088, 2.145
76.000, 2.071, 2.329, 2.036, 2.168
76.000, 2.065, 2.317, 1.962, 2.191
76.000, 2.053, 2.340, 2.099, 2.145
76.000, 2.048, 2.335, 1.962, 2.191
76.000, 2.065, 2.352, 2.071, 2.111
76.000, 2.048, 2.329, 2.071, 2.203
76.000, 2.048, 2.323, 2.071, 2.157
76.000, 2.042, 2.352, 2.036, 2.174
76.000, 2.065, 2.340, 1.996, 2.157
78.000, 2.059, 2.306, 1.950, 2.174
78.000, 2.134, 2.386, 2.134, 2.226
78.000, 2.111, 2.386, 2.145, 2.237
78.000, 2.128, 2.398, 2.053, 2.237
78.000, 2.122, 2.392, 2.111, 2.214
78.000, 2.122, 2.386, 2.099, 2.226
78.000, 2.117, 2.392, 2.053, 2.214
78.000, 2.226, 2.398, 2.180, 2.249
78.000, 2.128, 2.386, 2.008, 2.203
78.000, 2.122, 2.386, 2.019, 2.271
78.000, 2.117, 2.392, 2.036, 2.214
78.000, 2.122, 2.358, 2.031, 2.226
78.000, 2.122, 2.386, 2.111, 2.180
78.000, 2.122, 2.375, 2.076, 2.214
78.000, 2.151, 2.392, 2.117, 2.191
78.000, 2.099, 2.386, 2.082, 2.226
78.000, 2.094, 2.386, 2.122, 2.220
78.000, 2.134, 2.386, 2.157, 2.226
78.000, 2.122, 2.375, 2.122, 2.226
78.000, 2.117, 2.386, 2.157, 2.214
80.000, 2.117, 2.398, 2.203, 2.231
80.000, 2.185, 2.449, 2.099, 2.294
80.000, 2.168, 2.467, 2.260, 2.260
80.000, 2.168, 2.461, 2.208, 2.226
80.000, 2.191, 2.467, 2.128, 2.283
80.000, 2.174, 2.455, 2.111, 2.329
80.000, 2.168, 2.455, 2.180, 2.294
80.000, 2.174, 2.426, 2.094, 2.283
80.000, 2.168, 2.455, 2.203, 2.266
80.000, 2.168, 2.444, 2.157, 2.260
80.000, 2.145, 2.444, 2.157, 2.294
80.000, 2.151, 2.444, 2.180, 2.271
80.000, 2.151, 2.455, 2.185, 2.266
80.000, 2.185, 2.449, 2.122, 2.329
80.000, 2.157, 2.444, 2.145, 2.294
80.000, 2.145, 2.444, 2.203, 2.294
80.000, 2.162, 2.455, 2.174, 2.271
80.000, 2.180, 2.375, 2.260, 2.317
80.000, 2.168, 2.444, 2.168, 2.294
80.000, 2.180, 2.438, 2.214, 2.266
82.000, 2.180, 2.444, 2.128, 2.271
82.000, 2.220, 2.512, 2.266, 2.386
82.000, 2.208, 2.512, 2.271, 2.375
82.000, 2.231, 2.512, 2.266, 2.329
82.000, 2.231, 2.512, 2.249, 2.386
82.000, 2.226, 2.507, 2.226, 2.306
82.000, 2.226, 2.512, 2.260, 2.317
82.000, 2.226, 2.512, 2.260, 2.329
82.000, 2.220, 2.507, 2.226, 2.386
82.000, 2.243, 2.501, 2.203, 2.352
82.000, 2.226, 2.518, 2.260, 2.340
82.000, 2.226, 2.512, 2.214, 2.340
82.000, 2.237, 2.398, 2.185, 2.306
82.000, 2.220, 2.512, 2.203, 2.317
82.000, 2.231, 2.512, 2.283, 2.283
82.000, 2.226, 2.512, 2.260, 2.283
82.000, 2.231, 2.495, 2.168, 2.369
82.000, 2.237, 2.489, 2.180, 2.329
82.000, 2.231, 2.512, 2.145, 2.340
82.000, 2.226, 2.501, 2.203, 2.363
84.000, 2.226, 2.512, 2.254, 2.363
84.000, 2.271, 2.581, 2.329, 2.392
84.000, 2.283, 2.564, 2.260, 2.403
84.000, 2.294, 2.576, 2.306, 2.403
84.000, 2.283, 2.564, 2.249, 2.426
84.000, 2.283, 2.564, 2.277, 2.386
84.000, 2.277, 2.558, 2.271, 2.432
84.000, 2.277, 2.558, 2.294, 2.489
84.000, 2.266, 2.558, 2.306, 2.398
84.000, 2.277, 2.570, 2.266, 2.398
84.000, 2.277, 2.581, 2.271, 2.398
84.000, 2.271, 2.570, 2.300, 2.369
84.000, 2.277, 2.581, 2.329, 2.444
84.000, 2.312, 2.564, 2.283, 2.392
84.000, 2.277, 2.587, 2.346, 2.415
84.000, 2.283, 2.558, 2.191, 2.421
84.000, 2.306, 2.564, 2.340, 2.375
84.000, 2.294, 2.564, 2.237, 2.375
84.000, 2.271, 2.576, 2.306, 2.432
84.000, 2.283, 2.558, 2.237, 2.392
86.000, 2.289, 2.558, 2.237, 2.398
86.000, 2.335, 2.633, 2.386, 2.426
86.000, 2.340, 2.616, 2.375, 2.449
86.000, 2.352, 2.593, 2.335, 2.478
86.000, 2.386, 2.627, 2.358, 2.455
86.000, 2.358, 2.627, 2.329, 2.461
86.000, 2.306, 2.627, 2.329, 2.489
86.000, 2.335, 2.621, 2.300, 2.478
86.000, 2.329, 2.633, 2.306, 2.455
86.000, 2.352, 2.616, 2.340, 2.495
86.000, 2.352, 2.616, 2.249, 2.432
86.000, 2.335, 2.627, 2.306, 2.518
86.000, 2.335, 2.616, 2.243, 2.489
86.000, 2.340, 2.621, 2.455, 2.432
86.000, 2.335, 2.627, 2.317, 2.478
86.000, 2.340, 2.616, 2.329, 2.489
86.000, 2.335, 2.616, 2.306, 2.495
86.000, 2.323, 2.616, 2.271, 2.495
86.000, 2.340, 2.616, 2.340, 2.467
86.000, 2.329, 2.610, 2.289, 2.507
88.000, 2.346, 2.604, 2.134, 2.489
88.000, 2.403, 2.673, 2.386, 2.558
88.000, 2.375, 2.708, 2.409, 2.507
88.000, 2.369, 2.685, 2.352, 2.581
88.000, 2.289, 2.685, 2.375, 2.564
88.000, 2.392, 2.673, 2.438, 2.489
88.000, 2.392, 2.685, 2.363, 2.535
88.000, 2.415, 2.685, 2.426, 2.512
88.000, 2.398, 2.685, 2.421, 2.535
88.000, 2.409, 2.719, 2.409, 2.576
88.000, 2.386, 2.685, 2.375, 2.576
88.000, 2.398, 2.679, 2.300, 2.576
88.000, 2.386, 2.679, 2.507, 2.524
88.000, 2.426, 2.685, 2.444, 2.449
88.000, 2.363, 2.679, 2.432, 2.444
88.000, 2.386, 2.673, 2.335, 2.535
88.000, 2.392, 2.679, 2.386, 2.489
88.000, 2.375, 2.685, 2.432, 2.455
88.000, 2.392, 2.719, 2.323, 2.535
88.000, 2.375, 2.673, 2.432, 2.489
90.000, 2.369, 2.679, 2.444, 2.455
90.000, 2.444, 2.742, 2.478, 2.558
90.000, 2.444, 2.742, 2.432, 2.581
90.000, 2.455, 2.725, 2.375, 2.581
90.000, 2.438, 2.650, 2.524, 2.535
90.000, 2.449, 2.753, 2.363, 2.598
90.000, 2.449, 2.719, 2.375, 2.604
90.000, 2.438, 2.742, 2.489, 2.530
90.000, 2.438, 2.730, 2.467, 2.547
90.000, 2.421, 2.742, 2.478, 2.530
90.000, 2.449, 2.753, 2.484, 2.558
90.000, 2.432, 2.725, 2.478, 2.535
90.000, 2.449, 2.730, 2.530, 2.547
90.000, 2.444, 2.725, 2.409, 2.501
90.000, 2.438, 2.708, 2.409, 2.633
90.000, 2.467, 2.742, 2.478, 2.512
90.000, 2.432, 2.730, 2.489, 2.512
90.000, 2.432, 2.742, 2.444, 2.621
90.000, 2.432, 2.742, 2.478, 2.501
90.000, 2.438, 2.742, 2.489, 2.512
92.000, 2.432, 2.667, 2.489, 2.512
92.000, 2.501, 2.782, 2.489, 2.650
92.000, 2.501, 2.788, 2.432, 2.673
92.000, 2.501, 2.788, 2.484, 2.633
92.000, 2.501, 2.478, 2.495, 2.639
92.000, 2.484, 2.788, 2.512, 2.616
92.000, 2.484, 2.799, 2.518, 2.633
92.000, 2.736, 2.776, 2.524, 2.593
92.000, 2.484, 2.788, 2.467, 2.627
92.000, 2.472, 2.788, 2.444, 2.662
92.000, 2.472, 2.776, 2.467, 2.616
92.000, 2.484, 2.788, 2.438, 2.639
92.000, 2.489, 2.794, 2.455, 2.696
92.000, 2.478, 2.788, 2.426, 2.627
92.000, 2.489, 2.782, 2.444, 2.593
92.000, 2.484, 2.776, 2.421, 2.616
92.000, 2.501, 2.776, 2.398, 2.667
92.000, 2.489, 2.788, 2.524, 2.558
92.000, 2.489, 2.799, 2.512, 2.581
92.000, 2.489, 2.811, 2.553, 2.558
94.000, 2.489, 2.776, 2.512, 2.604
94.000, 2.541, 2.845, 2.535, 2.673
94.000, 2.553, 2.834, 2.478, 2.719
94.000, 2.547, 2.828, 2.524, 2.696
94.000, 2.518, 2.839, 2.610, 2.650
94.000, 2.541, 2.839, 2.547, 2.667
94.000, 2.553, 2.834, 2.512, 2.696
94.000, 2.535, 2.839, 2.524, 2.719
94.000, 2.553, 2.834, 2.467, 2.708
94.000, 2.541, 2.845, 2.593, 2.616
94.000, 2.541, 2.799, 2.598, 2.656
94.000, 2.512, 2.845, 2.610, 2.633
94.000, 2.312, 2.845, 2.547, 2.673
94.000, 2.547, 2.845, 2.541, 2.650
94.000, 2.524, 2.828, 2.581, 2.639
94.000, 2.541, 2.834, 2.535, 2.662
94.000, 2.535, 2.805, 2.512, 2.685
94.000, 2.530, 2.719, 2.489, 2.685
94.000, 2.524, 2.811, 2.564, 2.627
94.000, 2.535, 2.834, 2.593, 2.650
96.000, 2.518, 2.834, 2.512, 2.696
96.000, 2.576, 2.903, 2.581, 2.753
96.000, 2.610, 2.891, 2.570, 2.891
96.000, 2.593, 2.914, 2.587, 2.708
96.000, 2.593, 2.903, 2.650, 2.673
96.000, 2.593, 2.885, 2.512, 2.753
96.000, 2.593, 2.891, 2.524, 2.753
96.000, 2.587, 2.903, 2.621, 2.719
96.000, 2.593, 2.885, 2.547, 2.742
96.000, 2.581, 2.897, 2.644, 2.685
96.000, 2.587, 2.891, 2.535, 2.753
96.000, 2.587, 2.937, 2.639, 2.685
96.000, 2.593, 2.891, 2.650, 2.662
96.000, 2.547, 2.903, 2.644, 2.708
96.000, 2.598, 2.880, 2.627, 2.685
96.000, 2.587, 2.897, 2.650, 2.708
96.000, 2.593, 2.885, 2.633, 2.708
96.000, 2.610, 2.868, 2.570, 2.708
96.000, 2.587, 2.874, 2.501, 2.719
96.000, 2.581, 2.891, 2.627, 2.719
98.000, 2.593, 2.880, 2.593, 2.685
98.000, 2.725, 3.040, 2.708, 2.839
98.000, 2.719, 3.052, 2.742, 2.834
98.000, 2.702, 3.040, 2.587, 2.868
98.000, 2.725, 3.017, 2.587, 2.880
98.000, 2.713, 3.029, 2.639, 2.914
98.000, 2.713, 3.040, 2.776, 2.811
98.000, 2.719, 3.017, 2.696, 2.845
98.000, 2.713, 3.035, 2.776, 2.811
98.000, 2.690, 3.029, 2.679, 2.885
98.000, 2.708, 3.017, 2.771, 2.817
98.000, 2.702, 3.017, 2.639, 2.891
98.000, 2.713, 3.017, 2.719, 2.834
98.000, 2.708, 3.017, 2.708, 2.851
98.000, 2.702, 3.029, 2.788, 2.822
98.000, 2.644, 3.029, 2.690, 2.857
98.000, 2.696, 3.035, 2.673, 2.880
98.000, 2.690, 3.035, 2.696, 2.903
98.000, 2.702, 3.017, 2.616, 2.891
98.000, 2.708, 3.029, 2.765, 2.811
100.000, 2.708, 3.017, 2.708, 2.811
100.000, 2.730, 2.994, 2.708, 2.851
100.000, 2.708, 3.057, 2.685, 2.891
100.000, 2.730, 3.063, 2.753, 2.880
100.000, 2.725, 3.063, 2.730, 2.828
100.000, 2.725, 3.046, 2.771, 2.822
100.000, 2.719, 3.040, 2.776, 2.834
100.000, 2.725, 3.035, 2.719, 2.857
100.000, 2.495, 3.017, 2.730, 2.851
100.000, 2.719, 3.035, 2.771, 2.817
100.000, 2.702, 3.040, 2.776, 2.811
100.000, 2.725, 3.029, 2.673, 2.862
100.000, 2.736, 3.029, 2.621, 2.903
100.000, 2.719, 3.029, 2.627, 2.903
100.000, 2.702, 3.052, 2.765, 2.834
100.000, 2.708, 3.040, 2.725, 2.857
100.000, 2.702, 3.040, 2.730, 2.851
100.000, 2.725, 3.029, 2.690, 2.845
100.000, 2.725, 3.029, 2.667, 2.880