2.000, 0.000, 2.000, 0.000, 2.000, 0.000, 2.000, 0.000
1.999, 2.123, 1.999, 1.360, 1.999, 1.061, 1.999, 1.394
1.998, 0.975, 1.998, 1.090, 1.998, 1.228, 1.998, 1.010
1.996, 0.952, 1.996, 1.193, 1.996, 1.032, 1.996, 1.176
1.993, 1.147, 1.993, 1.251, 1.993, 1.113, 1.993, 1.182
1.990, 1.147, 1.990, 1.256, 1.990, 1.113, 1.990, 1.159
1.985, 1.187, 1.985, 1.296, 1.985, 1.205, 1.985, 1.228
1.980, 1.222, 1.980, 1.319, 1.980, 1.251, 1.980, 1.273
1.974, 1.251, 1.974, 1.354, 1.974, 1.285, 1.974, 1.273
1.967, 1.268, 1.967, 1.371, 1.967, 1.239, 1.967, 1.354
1.960, 1.302, 1.960, 1.394, 1.960, 1.388, 1.960, 1.314
1.951, 1.337, 1.951, 1.434, 1.951, 1.314, 1.951, 1.377
1.942, 1.342, 1.942, 1.423, 1.942, 1.337, 1.942, 1.388
1.932, 1.365, 1.932, 1.446, 1.932, 1.377, 1.932, 1.411
1.922, 1.383, 1.922, 1.733, 1.922, 1.434, 1.922, 1.423
1.910, 1.377, 1.910, 1.296, 1.910, 1.451, 1.910, 1.428
1.898, 1.428, 1.898, 1.526, 1.898, 1.394, 1.898, 1.451
1.885, 1.469, 1.885, 1.474, 1.885, 1.446, 1.885, 1.434
1.871, 1.451, 1.871, 1.526, 1.871, 1.417, 1.871, 1.606
1.857, 1.434, 1.857, 1.515, 1.857, 1.515, 1.857, 1.383
1.842, 1.469, 1.842, 1.526, 1.842, 1.497, 1.842, 1.532
1.826, 1.469, 1.826, 1.526, 1.826, 1.469, 1.826, 1.480
1.809, 1.469, 1.809, 1.537, 1.809, 1.492, 1.809, 1.503
1.792, 1.480, 1.792, 1.526, 1.792, 1.486, 1.792, 1.520
1.773, 1.474, 1.773, 1.560, 1.773, 1.492, 1.773, 1.515
1.755, 1.492, 1.755, 1.532, 1.755, 1.285, 1.755, 1.469
1.735, 1.492, 1.735, 1.537, 1.735, 1.606, 1.735, 1.515
1.715, 1.474, 1.715, 1.532, 1.715, 1.572, 1.715, 1.503
1.694, 1.497, 1.694, 1.532, 1.694, 1.497, 1.694, 1.515
1.672, 1.469, 1.672, 1.526, 1.672, 1.480, 1.672, 1.497
1.650, 1.486, 1.650, 1.515, 1.650, 1.503, 1.650, 1.503
1.627, 1.469, 1.627, 1.509, 1.627, 1.480, 1.627, 1.497
1.604, 1.469, 1.604, 1.480, 1.604, 1.474, 1.604, 1.469
1.579, 1.469, 1.579, 1.515, 1.579, 1.480, 1.579, 1.497
1.555, 1.434, 1.555, 1.469, 1.555, 1.446, 1.555, 1.423
1.529, 1.446, 1.529, 1.480, 1.529, 1.417, 1.529, 1.469
1.503, 1.428, 1.503, 1.469, 1.503, 1.509, 1.503, 1.440
1.476, 1.417, 1.476, 1.434, 1.476, 1.440, 1.476, 1.411
1.449, 1.411, 1.449, 1.434, 1.449, 1.377, 1.449, 1.440
1.421, 1.383, 1.421, 1.411, 1.421, 1.423, 1.421, 1.388
1.393, 1.377, 1.393, 1.394, 1.393, 1.388, 1.393, 1.394
1.364, 1.377, 1.364, 1.388, 1.364, 1.331, 1.364, 1.400
1.334, 1.348, 1.334, 1.365, 1.334, 1.365, 1.334, 1.342
1.304, 1.325, 1.304, 1.331, 1.304, 1.354, 1.304, 1.342
1.274, 1.302, 1.274, 1.325, 1.274, 1.296, 1.274, 1.325
1.243, 1.291, 1.243, 1.314, 1.243, 1.239, 1.243, 1.273
1.211, 1.285, 1.211, 1.285, 1.211, 1.360, 1.211, 1.296
1.179, 1.256, 1.179, 1.251, 1.179, 1.251, 1.179, 1.251
1.147, 1.222, 1.147, 1.239, 1.147, 1.205, 1.147, 1.256
1.114, 1.216, 1.114, 1.228, 1.114, 1.193, 1.114, 1.216
1.080, 1.193, 1.080, 1.182, 1.080, 1.216, 1.080, 1.182
1.046, 1.159, 1.046, 1.164, 1.046, 1.159, 1.046, 1.170
1.012, 1.130, 1.012, 1.142, 1.012, 1.142, 1.012, 1.124
0.977, 1.136, 0.977, 1.130, 0.977, 1.067, 0.977, 1.124
0.942, 1.090, 0.942, 1.073, 0.942, 1.113, 0.942, 1.101
0.907, 1.061, 0.907, 1.078, 0.907, 1.090, 0.907, 1.055
0.871, 1.032, 0.871, 1.021, 0.871, 1.032, 0.871, 1.032
0.835, 1.010, 0.835, 1.010, 0.835, 0.998, 0.835, 1.027
0.798, 0.992, 0.798, 0.975, 0.798, 0.969, 0.798, 0.987
0.761, 0.952, 0.761, 0.941, 0.761, 0.889, 0.761, 0.929
0.724, 0.935, 0.724, 0.929, 0.724, 0.923, 0.724, 0.935
0.687, 0.941, 0.687, 0.878, 0.687, 0.929, 0.687, 0.878
0.649, 0.837, 0.649, 0.935, 0.649, 0.860, 0.649, 0.883
0.611, 0.837, 0.611, 0.763, 0.611, 0.826, 0.611, 0.814
0.573, 0.809, 0.573, 0.780, 0.573, 0.826, 0.573, 0.814
0.534, 0.768, 0.534, 0.751, 0.534, 0.763, 0.534, 0.780
0.496, 0.757, 0.496, 0.723, 0.496, 0.700, 0.496, 0.734
0.457, 0.717, 0.457, 0.700, 0.457, 0.700, 0.457, 0.711
0.418, 0.682, 0.418, 0.648, 0.418, 0.717, 0.418, 0.665
0.379, 0.642, 0.379, 0.619, 0.379, 0.636, 0.379, 0.654
0.339, 0.619, 0.339, 0.596, 0.339, 0.585, 0.339, 0.608
0.300, 0.585, 0.300, 0.562, 0.300, 0.591, 0.300, 0.573
0.260, 0.550, 0.260, 0.510, 0.260, 0.533, 0.260, 0.539
0.221, 0.516, 0.221, 0.493, 0.221, 0.510, 0.221, 0.510
0.181, 0.464, 0.181, 0.447, 0.181, 0.476, 0.181, 0.470
0.141, 0.447, 0.141, 0.418, 0.141, 0.424, 0.141, 0.430
0.101, 0.413, 0.101, 0.390, 0.101, 0.401, 0.101, 0.413
0.061, 0.373, 0.061, 0.350, 0.061, 0.390, 0.061, 0.367
0.021, 0.344, 0.021, 0.298, 0.021, 0.321, 0.021, 0.327
-0.018, 0.315, -0.018, 0.298, -0.018, 0.292, -0.018, 0.309
-0.058, 0.269, -0.058, 0.252, -0.058, 0.263, -0.058, 0.252
-0.098, 0.229, -0.098, 0.218, -0.098, 0.229, -0.098, 0.235
-0.138, 0.212, -0.138, 0.183, -0.138, 0.183, -0.138, 0.189
-0.178, 0.160, -0.178, 0.149, -0.178, 0.137, -0.178, 0.160
-0.217, 0.126, -0.217, 0.114, -0.217, 0.126, -0.217, 0.126
-0.257, 0.103, -0.257, 0.103, -0.257, 0.091, -0.257, 0.091
-0.297, 0.068, -0.297, 0.103, -0.297, 0.028, -0.297, 0.057
-0.336, 0.034, -0.336, 0.086, -0.336, 0.000, -0.336, 0.051
-0.376, 0.005, -0.376, 0.091, -0.376, 0.017, -0.376, 0.034
-0.415, 0.000, -0.415, -0.045, -0.415, 0.005, -0.415, 0.034
-0.454, 0.011, -0.454, 0.114, -0.454, 0.005, -0.454, 0.034
-0.493, 0.005, -0.493, -0.057, -0.493, 0.000, -0.493, -0.051
-0.531, -0.051, -0.531, -0.045, -0.531, 0.005, -0.531, -0.040
-0.570, -0.057, -0.570, -0.045, -0.570, 0.000, -0.570, -0.028
-0.608, -0.063, -0.608, -0.068, -0.608, -0.011, -0.608, -0.028
-0.646, -0.051, -0.646, -0.103, -0.646, -0.011, -0.646, -0.051
-0.684, -0.109, -0.684, -0.137, -0.684, -0.005, -0.684, -0.103
-0.721, -0.126, -0.721, -0.200, -0.721, -0.080, -0.721, -0.126
-0.758, -0.183, -0.758, -0.241, -0.758, -0.126, -0.758, -0.206
-0.795, -0.206, -0.795, -0.263, -0.795, -0.166, -0.795, -0.218
-0.832, -0.275, -0.832, -0.304, -0.832, -0.229, -0.832, -0.275
-0.868, -0.309, -0.868, -0.367, -0.868, -0.263, -0.868, -0.327
-0.904, -0.344, -0.904, -0.407, -0.904, -0.292, -0.904, -0.344
-0.939, -0.401, -0.939, -0.447, -0.939, -0.367, -0.939, -0.418
-0.974, -0.418, -0.974, -0.482, -0.974, -0.390, -0.974, -0.436
-1.009, -0.487, -1.009, -0.527, -1.009, -0.470, -1.009, -0.516
-1.044, -0.505, -1.044, -0.568, -1.044, -0.464, -1.044, -0.505
-1.077, -0.573, -1.077, -0.614, -1.077, -0.510, -1.077, -0.579
-1.111, -0.585, -1.111, -0.659, -1.111, -0.579, -1.111, -0.608
-1.144, -0.636, -1.144, -0.688, -1.144, -0.619, -1.144, -0.648
-1.177, -0.671, -1.177, -0.734, -1.177, -0.665, -1.177, -0.700
-1.209, -0.723, -1.209, -0.768, -1.209, -0.700, -1.209, -0.723
-1.240, -0.757, -1.240, -0.826, -1.240, -0.700, -1.240, -0.763
-1.271, -0.734, -1.271, -0.837, -1.271, -0.797, -1.271, -0.814
-1.302, -0.878, -1.302, -0.889, -1.302, -0.803, -1.302, -0.849
-1.332, -0.855, -1.332, -0.918, -1.332, -0.843, -1.332, -0.872
-1.362, -0.912, -1.362, -0.964, -1.362, -0.918, -1.362, -0.906
-1.391, -0.929, -1.391, -0.987, -1.391, -0.889, -1.391, -0.946
-1.419, -0.975, -1.419, -1.032, -1.419, -0.987, -1.419, -0.941
-1.447, -1.015, -1.447, -1.067, -1.447, -1.021, -1.447, -1.055
-1.474, -1.044, -1.474, -1.107, -1.474, -1.004, -1.474, -1.067
-1.501, -1.078, -1.501, -1.124, -1.501, -1.044, -1.501, -1.101
-1.527, -1.101, -1.527, -1.142, -1.527, -1.147, -1.527, -1.119
-1.553, -1.136, -1.553, -1.210, -1.553, -1.124, -1.553, -1.147
-1.578, -1.170, -1.578, -1.228, -1.578, -1.182, -1.578, -1.182
-1.602, -1.210, -1.602, -1.256, -1.602, -1.187, -1.602, -1.228
-1.625, -1.228, -1.625, -1.285, -1.625, -1.273, -1.625, -1.216
-1.648, -1.262, -1.648, -1.319, -1.648, -1.262, -1.648, -1.285
-1.671, -1.308, -1.671, -1.325, -1.671, -1.302, -1.671, -1.331
-1.692, -1.319, -1.692, -1.388, -1.692, -1.285, -1.692, -1.314
-1.713, -1.314, -1.713, -1.469, -1.713, -1.354, -1.713, -1.371
-1.734, -1.388, -1.734, -1.365, -1.734, -1.394, -1.734, -1.417
-1.753, -1.400, -1.753, -1.469, -1.753, -1.377, -1.753, -1.400
-1.772, -1.428, -1.772, -1.469, -1.772, -1.446, -1.772, -1.440
-1.790, -1.469, -1.790, -1.509, -1.790, -1.503, -1.790, -1.469
-1.808, -1.474, -1.808, -1.526, -1.808, -1.503, -1.808, -1.492
-1.824, -1.497, -1.824, -1.549, -1.824, -1.405, -1.824, -1.537
-1.840, -1.526, -1.840, -1.566, -1.840, -1.572, -1.840, -1.480
-1.856, -1.537, -1.856, -1.595, -1.856, -1.549, -1.856, -1.572
-1.870, -1.555, -1.870, -1.606, -1.870, -1.572, -1.870, -1.595
-1.884, -1.601, -1.884, -1.629, -1.884, -1.601, -1.884, -1.583
-1.897, -1.618, -1.897, -1.652, -1.897, -1.641, -1.897, -1.652
-1.909, -1.515, -1.909, -1.687, -1.909, -1.675, -1.909, -1.618
-1.921, -1.727, -1.921, -1.652, -1.921, -1.549, -1.921, -1.681
-1.931, -1.664, -1.931, -1.710, -1.931, -1.664, -1.931, -1.698
-1.941, -1.664, -1.941, -1.721, -1.941, -1.698, -1.941, -1.698
-1.951, -1.698, -1.951, -1.733, -1.951, -1.710, -1.951, -1.698
-1.959, -1.744, -1.959, -1.801, -1.959, -1.733, -1.959, -1.744
-1.967, -1.727, -1.967, -1.733, -1.967, -1.801, -1.967, -1.698
-1.973, -1.756, -1.973, -1.778, -1.973, -1.715, -1.973, -1.790
-1.979, -1.738, -1.979, -1.790, -1.979, -1.733, -1.979, -1.738
-1.985, -1.767, -1.985, -1.796, -1.985, -1.784, -1.985, -1.813
-1.989, -1.813, -1.989, -1.824, -1.989, -1.813, -1.989, -1.778
-1.993, -1.807, -1.993, -1.813, -1.993, -1.790, -1.993, -1.813
-1.996, -1.790, -1.996, -1.836, -1.996, -1.733, -1.996, -1.801
-1.998, -1.819, -1.998, -1.842, -1.998, -1.847, -1.998, -1.870
-1.999, -1.813, -1.999, -1.836, -1.999, -1.847, -1.999, -1.790
-1.999, -1.813, -1.999, -1.870, -1.999, -1.859, -1.999, -1.859
-1.999, -1.870, -1.999, -1.870, -1.999, -1.807, -1.999, -1.842
-1.998, -1.847, -1.998, -1.842, -1.998, -1.865, -1.998, -1.865
-1.996, -1.836, -1.996, -1.899, -1.996, -1.807, -1.996, -1.882
-1.993, -1.853, -1.993, -1.876, -1.993, -1.893, -1.993, -1.847
-1.990, -1.865, -1.990, -1.882, -1.990, -1.882, -1.990, -1.876
-1.985, -1.882, -1.985, -1.882, -1.985, -1.905, -1.985, -1.756
-1.980, -1.876, -1.980, -1.882, -1.980, -1.888, -1.980, -1.928
-1.974, -1.853, -1.974, -1.899, -1.974, -1.767, -1.974, -1.870
-1.968, -1.842, -1.968, -1.882, -1.968, -1.928, -1.968, -1.882
-1.960, -1.876, -1.960, -1.882, -1.960, -1.882, -1.960, -1.870
-1.952, -1.888, -1.952, -1.888, -1.952, -1.870, -1.952, -1.876
-1.943, -1.870, -1.943, -1.905, -1.943, -1.836, -1.943, -1.893
-1.933, -1.859, -1.933, -1.870, -1.933, -1.790, -1.933, -1.836
-1.922, -1.876, -1.922, -1.876, -1.922, -1.951, -1.922, -1.836
-1.911, -1.853, -1.911, -1.870, -1.911, -1.859, -1.911, -1.905
-1.899, -1.836, -1.899, -1.865, -1.899, -1.756, -1.899, -1.847
-1.886, -1.882, -1.886, -1.859, -1.886, -1.928, -1.886, -1.870
-1.872, -1.847, -1.872, -1.870, -1.872, -1.916, -1.872, -1.836
-1.858, -1.842, -1.858, -1.824, -1.858, -1.824, -1.858, -1.870
-1.843, -1.836, -1.843, -1.865, -1.843, -1.767, -1.843, -1.847
-1.827, -1.824, -1.827, -1.824, -1.827, -1.870, -1.827, -1.761
-1.810, -1.796, -1.810, -1.819, -1.810, -1.807, -1.810, -1.870
-1.793, -1.807, -1.793, -1.819, -1.793, -1.807, -1.793, -1.790
-1.775, -1.796, -1.775, -1.790, -1.775, -1.813, -1.775, -1.801
-1.756, -1.796, -1.756, -1.790, -1.756, -1.801, -1.756, -1.790
-1.737, -1.778, -1.737, -1.784, -1.737, -1.778, -1.737, -1.756
-1.717, -1.761, -1.717, -1.767, -1.717, -1.710, -1.717, -1.767
-1.696, -1.721, -1.696, -1.744, -1.696, -1.744, -1.696, -1.790
-1.674, -1.750, -1.674, -1.733, -1.674, -1.756, -1.674, -1.733
-1.652, -1.704, -1.652, -1.744, -1.652, -1.698, -1.652, -1.687
-1.629, -1.698, -1.629, -1.698, -1.629, -1.698, -1.629, -1.721
-1.606, -1.681, -1.606, -1.675, -1.606, -1.698, -1.606, -1.675
-1.581, -1.692, -1.581, -1.658, -1.581, -1.664, -1.581, -1.664
-1.557, -1.658, -1.557, -1.664, -1.557, -1.687, -1.557, -1.658
-1.531, -1.635, -1.531, -1.629, -1.531, -1.583, -1.531, -1.641
-1.505, -1.618, -1.505, -1.606, -1.505, -1.664, -1.505, -1.652
-1.479, -1.583, -1.479, -1.595, -1.479, -1.549, -1.479, -1.537
-1.451, -1.560, -1.451, -1.572, -1.451, -1.572, -1.451, -1.595
-1.424, -1.549, -1.424, -1.549, -1.424, -1.572, -1.424, -1.543
-1.395, -1.537, -1.395, -1.526, -1.395, -1.560, -1.395, -1.526
-1.366, -1.532, -1.366, -1.503, -1.366, -1.515, -1.366, -1.515
-1.337, -1.486, -1.337, -1.480, -1.337, -1.469, -1.337, -1.492
-1.307, -1.469, -1.307, -1.469, -1.307, -1.417, -1.307, -1.480
-1.276, -1.434, -1.276, -1.423, -1.276, -1.469, -1.276, -1.371
-1.245, -1.405, -1.245, -1.405, -1.245, -1.400, -1.245, -1.469
-1.214, -1.411, -1.214, -1.383, -1.214, -1.411, -1.214, -1.354
-1.182, -1.360, -1.182, -1.348, -1.182, -1.331, -1.182, -1.377
-1.149, -1.342, -1.149, -1.715, -1.149, -1.308, -1.149, -1.337
-1.116, -1.314, -1.116, -1.044, -1.116, -1.296, -1.116, -1.273
-1.083, -1.308, -1.083, -1.285, -1.083, -1.319, -1.083, -1.296
-1.049, -1.262, -1.049, -1.239, -1.049, -1.262, -1.049, -1.239
-1.015, -1.233, -1.015, -1.216, -1.015, -1.251, -1.015, -1.228
-0.980, -1.251, -0.980, -1.199, -0.980, -1.153, -0.980, -1.216
-0.945, -1.147, -0.945, -1.136, -0.945, -1.182, -0.945, -1.170
-0.910, -1.130, -0.910, -1.113, -0.910, -1.164, -0.910, -1.136
-0.874, -1.136, -0.874, -1.090, -0.874, -1.101, -0.874, -1.090
-0.838, -1.153, -0.838, -1.061, -0.838, -1.084, -0.838, -1.078
-0.801, -1.010, -0.801, -0.998, -0.801, -0.987, -0.801, -1.032
-0.764, -1.027, -0.764, -1.113, -0.764, -1.061, -0.764, -1.032
-0.727, -0.969, -0.727, -0.895, -0.727, -0.987, -0.727, -0.981
-0.690, -0.975, -0.690, -0.935, -0.690, -0.946, -0.690, -0.964
-0.652, -0.929, -0.652, -0.900, -0.652, -0.918, -0.652, -0.900
-0.614, -0.906, -0.614, -0.860, -0.614, -0.895, -0.614, -0.883
-0.576, -0.855, -0.576, -0.826, -0.576, -0.860, -0.576, -0.843
-0.538, -0.832, -0.538, -0.636, -0.538, -0.837, -0.538, -0.832
-0.499, -0.832, -0.499, -0.872, -0.499, -0.780, -0.499, -0.768
-0.460, -0.746, -0.460, -0.711, -0.460, -0.746, -0.460, -0.763
-0.421, -0.734, -0.421, -0.688, -0.421, -0.734, -0.421, -0.734
-0.382, -0.700, -0.382, -0.659, -0.382, -0.665, -0.382, -0.671
-0.343, -0.642, -0.343, -0.619, -0.343, -0.659, -0.343, -0.654
-0.303, -0.631, -0.303, -0.591, -0.303, -0.614, -0.303, -0.614
-0.264, -0.579, -0.264, -0.550, -0.264, -0.585, -0.264, -0.608
-0.224, -0.556, -0.224, -0.510, -0.224, -0.533, -0.224, -0.516
-0.184, -0.522, -0.184, -0.476, -0.184, -0.505, -0.184, -0.505
-0.144, -0.482, -0.144, -0.447, -0.144, -0.476, -0.144, -0.476
-0.104, -0.436, -0.104, -0.413, -0.104, -0.418, -0.104, -0.407
-0.064, -0.401, -0.064, -0.367, -0.064, -0.401, -0.064, -0.418
-0.024, -0.378, -0.024, -0.332, -0.024, -0.367, -0.024, -0.350
0.015, -0.332, 0.015, -0.315, 0.015, -0.321, 0.015, -0.338
0.055, -0.304, 0.055, -0.263, 0.055, -0.286, 0.055, -0.281
0.095, -0.269, 0.095, -0.218, 0.095, -0.235, 0.095, -0.246
0.135, -0.229, 0.135, -0.200, 0.135, -0.212, 0.135, -0.223
0.174, -0.183, 0.174, -0.154, 0.174, -0.206, 0.174, -0.183
0.214, -0.160, 0.214, -0.126, 0.214, -0.097, 0.214, -0.126
0.254, -0.131, 0.254, -0.091, 0.254, -0.126, 0.254, -0.114
0.294, -0.091, 0.294, -0.057, 0.294, -0.063, 0.294, -0.080
0.333, -0.051, 0.333, -0.051, 0.333, -0.063, 0.333, -0.045
0.373, -0.051, 0.373, -0.028, 0.373, 0.000, 0.373, -0.028
0.412, -0.051, 0.412, -0.022, 0.412, -0.011, 0.412, -0.028
0.451, -0.034, 0.451, -0.022, 0.451, -0.011, 0.451, -0.022
0.490, 0.022, 0.490, 0.126, 0.490, -0.005, 0.490, -0.017
0.528, 0.011, 0.528, -0.040, 0.528, 0.000, 0.528, 0.045
0.567, 0.022, 0.567, 0.143, 0.567, 0.005, 0.567, 0.057
0.605, 0.034, 0.605, 0.126, 0.605, 0.011, 0.605, 0.057
0.643, 0.034, 0.643, 0.126, 0.643, 0.000, 0.643, 0.068
0.681, 0.086, 0.681, 0.143, 0.681, 0.011, 0.681, 0.091
0.718, 0.120, 0.718, 0.166, 0.718, 0.045, 0.718, 0.131
0.755, 0.160, 0.755, 0.218, 0.755, 0.114, 0.755, 0.183
0.792, 0.218, 0.792, 0.252, 0.792, 0.149, 0.792, 0.212
0.829, 0.252, 0.829, 0.298, 0.829, 0.195, 0.829, 0.241
0.865, 0.298, 0.865, 0.332, 0.865, 0.258, 0.865, 0.309
0.901, 0.332, 0.901, 0.378, 0.901, 0.281, 0.901, 0.332
0.937, 0.384, 0.937, 0.424, 0.937, 0.338, 0.937, 0.384
0.972, 0.418, 0.972, 0.464, 0.972, 0.395, 0.972, 0.430
1.006, 0.482, 1.006, 0.505, 1.006, 0.413, 1.006, 0.459
1.041, 0.510, 1.041, 0.539, 1.041, 0.470, 1.041, 0.516
1.075, 0.550, 1.075, 0.642, 1.075, 0.527, 1.075, 0.562
1.108, 0.579, 1.108, 0.596, 1.108, 0.539, 1.108, 0.591
1.141, 0.642, 1.141, 0.677, 1.141, 0.619, 1.141, 0.659
1.174, 0.654, 1.174, 0.711, 1.174, 0.659, 1.174, 0.659
1.206, 0.734, 1.206, 0.757, 1.206, 0.682, 1.206, 0.734
1.238, 0.746, 1.238, 0.791, 1.238, 0.740, 1.238, 0.734
1.269, 0.786, 1.269, 0.826, 1.269, 0.757, 1.269, 0.791
1.300, 0.826, 1.300, 0.878, 1.300, 0.797, 1.300, 0.849
1.330, 0.855, 1.330, 0.900, 1.330, 0.849, 1.330, 0.837
1.359, 0.900, 1.359, 0.923, 1.359, 1.044, 1.359, 0.912
1.388, 0.929, 1.388, 0.987, 1.388, 0.832, 1.388, 0.941
1.417, 0.975, 1.417, 1.021, 1.417, 0.895, 1.417, 0.981
1.445, 0.998, 1.445, 1.055, 1.445, 1.044, 1.445, 1.010
1.472, 1.044, 1.472, 1.078, 1.472, 1.055, 1.472, 1.055
1.499, 1.073, 1.499, 1.136, 1.499, 1.055, 1.499, 1.073
1.525, 1.096, 1.525, 1.136, 1.525, 1.101, 1.525, 1.142
1.551, 1.021, 1.551, 1.182, 1.551, 1.136, 1.551, 1.136
1.576, 1.239, 1.576, 1.228, 1.576, 1.147, 1.576, 1.193
1.600, 1.199, 1.600, 1.245, 1.600, 1.205, 1.600, 1.199
1.624, 1.239, 1.624, 1.325, 1.624, 1.279, 1.624, 1.239
1.647, 1.239, 1.647, 1.251, 1.647, 1.216, 1.647, 1.273
1.669, 1.291, 1.669, 1.348, 1.669, 1.268, 1.669, 1.296
1.691, 1.331, 1.691, 1.354, 1.691, 1.342, 1.691, 1.319
1.712, 1.348, 1.712, 1.394, 1.712, 1.354, 1.712, 1.371
1.732, 1.383, 1.732, 1.405, 1.732, 1.365, 1.732, 1.411
1.752, 1.383, 1.752, 1.434, 1.752, 1.400, 1.752, 1.400
1.771, 1.428, 1.771, 1.469, 1.771, 1.400, 1.771, 1.434
1.789, 1.434, 1.789, 1.492, 1.789, 1.469, 1.789, 1.469
1.806, 1.497, 1.806, 1.515, 1.806, 1.446, 1.806, 1.480
1.823, 1.497, 1.823, 1.537, 1.823, 1.509, 1.823, 1.509
1.839, 1.532, 1.839, 1.560, 1.839, 1.503, 1.839, 1.549
1.854, 1.537, 1.854, 1.583, 1.854, 1.572, 1.854, 1.503
1.869, 1.583, 1.869, 1.612, 1.869, 1.595, 1.869, 1.595
1.883, 1.589, 1.883, 1.618, 1.883, 1.595, 1.883, 1.641
1.896, 1.589, 1.896, 1.652, 1.896, 1.595, 1.896, 1.583
1.908, 1.641, 1.908, 1.675, 1.908, 1.629, 1.908, 1.664
1.920, 1.664, 1.920, 1.652, 1.920, 1.652, 1.920, 1.629
1.931, 1.664, 1.931, 1.710, 1.931, 1.698, 1.931, 1.664
1.941, 1.624, 1.941, 1.710, 1.941, 1.652, 1.941, 1.715
1.950, 1.744, 1.950, 1.727, 1.950, 1.750, 1.950, 1.738
1.958, 1.698, 1.958, 1.756, 1.958, 1.710, 1.958, 1.710
1.966, 1.744, 1.966, 1.756, 1.966, 1.664, 1.966, 1.778
1.973, 1.733, 1.973, 1.767, 1.973, 1.801, 1.973, 1.710
1.979, 1.767, 1.979, 1.784, 1.979, 1.704, 1.979, 1.807
1.984, 1.778, 1.984, 1.790, 1.984, 1.756, 1.984, 1.773
1.989, 1.773, 1.989, 1.796, 1.989, 1.830, 1.989, 1.824
1.993, 1.641, 1.993, 1.824, 1.993, 1.853, 1.993, 1.767
1.996, 1.910, 1.996, 1.842, 1.996, 1.761, 1.996, 1.813
1.998, 1.819, 1.998, 1.813, 1.998, 1.824, 1.998, 1.847
1.999, 1.790, 1.999, 1.847, 1.999, 1.836, 1.999, 1.813
1.999, 1.870, 1.999, 1.870, 1.999, 1.767, 1.999, 1.819
1.999, 1.819, 1.999, 1.853, 1.999, 1.882, 1.999, 1.882
1.998, 1.859, 1.998, 1.859, 1.998, 1.859, 1.998, 1.824
1.996, 1.836, 1.996, 1.870, 1.996, 1.847, 1.996, 1.859
1.994, 1.870, 1.994, 1.882, 1.994, 1.801, 1.994, 1.836
1.990, 1.870, 1.990, 1.870, 1.990, 1.916, 1.990, 1.893
1.986, 1.870, 1.986, 1.836, 1.986, 1.847, 1.986, 1.893
1.981, 1.876, 1.981, 1.928, 1.981, 1.916, 1.981, 1.842
1.975, 1.859, 1.975, 1.882, 1.975, 1.796, 1.975, 1.905
1.968, 1.888, 1.968, 1.893, 1.968, 1.951, 1.968, 1.865
1.961, 1.847, 1.961, 1.824, 1.961, 1.859, 1.961, 1.847
1.953, 1.893, 1.953, 1.899, 1.953, 1.951, 1.953, 1.888
1.944, 1.847, 1.944, 1.893, 1.944, 1.813, 1.944, 1.865
1.934, 1.893, 1.934, 1.951, 1.934, 1.928, 1.934, 1.853
1.923, 1.842, 1.923, 1.813, 1.923, 1.893, 1.923, 1.899
1.912, 1.882, 1.912, 1.893, 1.912, 1.813, 1.912, 1.870
1.900, 1.836, 1.900, 1.859, 1.900, 1.876, 1.900, 1.842
1.887, 1.876, 1.887, 1.865, 1.887, 1.859, 1.887, 1.905
1.874, 1.824, 1.874, 1.847, 1.874, 1.836, 1.874, 1.813
1.859, 1.905, 1.859, 1.859, 1.859, 1.836, 1.859, 1.836
1.844, 1.790, 1.844, 1.836, 1.844, 1.836, 1.844, 1.819
1.828, 1.842, 1.828, 1.836, 1.828, 1.836, 1.828, 1.836
1.812, 1.813, 1.812, 1.824, 1.812, 1.721, 1.812, 1.767
1.794, 1.801, 1.794, 1.801, 1.794, 1.870, 1.794, 1.853
1.776, 1.813, 1.776, 1.807, 1.776, 1.813, 1.776, 1.784
1.758, 1.756, 1.758, 1.784, 1.758, 1.767, 1.758, 1.796
1.738, 1.784, 1.738, 2.272, 1.738, 1.744, 1.738, 1.778
1.718, 1.738, 1.718, 1.417, 1.718, 1.744, 1.718, 1.778
1.697, 1.784, 1.697, 1.767, 1.697, 1.778, 1.697, 1.727
1.676, 1.727, 1.676, 1.761, 1.676, 1.692, 1.676, 1.761
1.654, 1.704, 1.654, 1.692, 1.654, 1.733, 1.654, 1.698
1.631, 1.727, 1.631, 1.710, 1.631, 1.635, 1.631, 1.710
1.607, 1.675, 1.607, 1.669, 1.607, 1.710, 1.607, 1.698
1.583, 1.687, 1.583, 1.675, 1.583, 1.733, 1.583, 1.641
1.559, 1.635, 1.559, 1.641, 1.559, 1.618, 1.559, 1.618
1.533, 1.664, 1.533, 1.624, 1.533, 1.641, 1.533, 1.664
1.507, 1.601, 1.507, 1.595, 1.507, 1.560, 1.507, 1.687
1.481, 1.595, 1.481, 1.595, 1.481, 1.629, 1.481, 1.526
1.454, 1.589, 1.454, 1.578, 1.454, 1.394, 1.454, 1.583
1.426, 1.532, 1.426, 1.549, 1.426, 1.687, 1.426, 1.549
1.397, 1.549, 1.397, 1.526, 1.397, 1.612, 1.397, 1.503
1.369, 1.492, 1.369, 1.492, 1.369, 1.440, 1.369, 1.515
1.339, 1.509, 1.339, 1.480, 1.339, 1.451, 1.339, 1.503
1.309, 1.469, 1.309, 1.469, 1.309, 1.503, 1.309, 1.434
1.279, 1.451, 1.279, 1.440, 1.279, 1.388, 1.279, 1.446
1.248, 1.400, 1.248, 1.394, 1.248, 1.469, 1.248, 1.405
1.216, 1.405, 1.216, 1.383, 1.216, 1.423, 1.216, 1.411
1.184, 1.371, 1.184, 1.342, 1.184, 1.348, 1.184, 1.348
1.152, 1.348, 1.152, 1.319, 1.152, 1.325, 1.152, 1.354
1.119, 1.308, 1.119, 1.319, 1.119, 1.319, 1.119, 1.308
1.085, 1.285, 1.085, 1.268, 1.085, 1.233, 1.085, 1.273
1.052, 1.273, 1.052, 1.245, 1.052, 1.325, 1.052, 1.262
1.017, 1.228, 1.017, 1.210, 1.017, 1.205, 1.017, 1.193
0.983, 1.222, 0.983, 1.193, 0.983, 1.159, 0.983, 1.239
0.948, 1.164, 0.948, 1.153, 0.948, 1.205, 0.948, 1.159
0.912, 1.164, 0.912, 1.130, 0.912, 1.182, 0.912, 1.136
0.877, 1.101, 0.877, 1.096, 0.877, 1.090, 0.877, 1.101
0.840, 1.090, 0.840, 1.067, 0.840, 1.073, 0.840, 1.090
0.804, 1.067, 0.804, 1.044, 0.804, 1.010, 0.804, 1.032
0.767, 1.010, 0.767, 0.998, 0.767, 1.067, 0.767, 1.032
0.730, 1.004, 0.730, 0.964, 0.730, 0.958, 0.730, 0.964
0.693, 0.964, 0.693, 0.900, 0.693, 0.975, 0.693, 0.952
0.655, 0.941, 0.655, 0.929, 0.655, 0.929, 0.655, 0.918
0.617, 0.889, 0.617, 0.860, 0.617, 0.883, 0.617, 0.906
0.579, 0.866, 0.579, 0.837, 0.579, 0.872, 0.579, 0.832
0.541, 0.826, 0.541, 0.803, 0.541, 0.826, 0.541, 0.826
0.502, 0.803, 0.502, 0.757, 0.502, 0.757, 0.502, 0.791
0.463, 0.768, 0.463, 0.717, 0.463, 0.780, 0.463, 0.746
0.424, 0.734, 0.424, 0.711, 0.424, 0.740, 0.424, 0.734
0.385, 0.688, 0.385, 0.659, 0.385, 0.705, 0.385, 0.711
0.346, 0.659, 0.346, 0.430, 0.346, 0.625, 0.346, 0.619
0.306, 0.642, 0.306, 0.717, 0.306, 0.614, 0.306, 0.631
0.267, 0.568, 0.267, 0.562, 0.267, 0.579, 0.267, 0.585
0.227, 0.573, 0.227, 0.510, 0.227, 0.533, 0.227, 0.539
0.187, 0.510, 0.187, 0.470, 0.187, 0.522, 0.187, 0.510
0.147, 0.505, 0.147, 0.470, 0.147, 0.459, 0.147, 0.459
0.107, 0.430, 0.107, 0.424, 0.107, 0.436, 0.107, 0.436
0.067, 0.413, 0.067, 0.367, 0.067, 0.413, 0.067, 0.401
0.027, 0.373, 0.027, 0.355, 0.027, 0.332, 0.027, 0.367
-0.012, 0.338, -0.012, 0.309, -0.012, 0.344, -0.012, 0.344
-0.052, 0.315, -0.052, 0.275, -0.052, 0.286, -0.052, 0.281
-0.092, 0.263, -0.092, 0.241, -0.092, 0.241, -0.092, 0.263
-0.131, 0.223, -0.131, 0.212, -0.131, 0.229, -0.131, 0.195
-0.171, 0.195, -0.171, 0.172, -0.171, 0.160, -0.171, 0.189
-0.211, 0.172, -0.211, 0.137, -0.211, 0.143, -0.211, 0.160
-0.251, 0.126, -0.251, 0.120, -0.251, 0.091, -0.251, 0.080
-0.291, 0.080, -0.291, 0.109, -0.291, 0.063, -0.291, 0.080
-0.330, 0.063, -0.330, 0.109, -0.330, 0.022, -0.330, 0.068
-0.369, 0.028, -0.369, 0.114, -0.369, 0.011, -0.369, 0.045
-0.409, 0.011, -0.409, -0.051, -0.409, 0.000, -0.409, 0.034
-0.448, 0.000, -0.448, 0.126, -0.448, 0.000, -0.448, 0.034
-0.487, 0.011, -0.487, -0.057, -0.487, 0.005, -0.487, -0.028
-0.525, -0.051, -0.525, -0.045, -0.525, 0.000, -0.525, -0.028
-0.564, -0.051, -0.564, -0.045, -0.564, -0.011, -0.564, -0.011
-0.602, -0.057, -0.602, -0.057, -0.602, 0.000, -0.602, -0.028
-0.640, -0.057, -0.640, -0.080, -0.640, 0.000, -0.640, -0.045
-0.678, -0.080, -0.678, -0.137, -0.678, -0.011, -0.678, -0.091
-0.715, -0.131, -0.715, -0.183, -0.715, -0.045, -0.715, -0.114
-0.753, -0.143, -0.753, -0.212, -0.753, -0.103, -0.753, -0.183
-0.789, -0.206, -0.789, -0.263, -0.789, -0.154, -0.789, -0.206
-0.826, -0.252, -0.826, -0.304, -0.826, -0.206, -0.826, -0.258
-0.862, -0.275, -0.862, -0.350, -0.862, -0.241, -0.862, -0.298
-0.898, -0.327, -0.898, -0.390, -0.898, -0.275, -0.898, -0.344
-0.934, -0.378, -0.934, -0.441, -0.934, -0.350, -0.934, -0.401
-0.969, -0.424, -0.969, -0.470, -0.969, -0.390, -0.969, -0.413
-1.004, -0.447, -1.004, -0.516, -1.004, -0.413, -1.004, -0.487
-1.038, -0.505, -1.038, -0.550, -1.038, -0.470, -1.038, -0.505
-1.072, -0.545, -1.072, -0.596, -1.072, -0.533, -1.072, -0.573
-1.106, -0.579, -1.106, -0.642, -1.106, -0.556, -1.106, -0.596
-1.139, -0.619, -1.139, -0.677, -1.139, -0.596, -1.139, -0.631
-1.171, -0.671, -1.171, -0.711, -1.171, -0.631, -1.171, -0.677
-1.204, -0.700, -1.204, -0.768, -1.204, -0.700, -1.204, -0.711
-1.235, -0.746, -1.235, -0.797, -1.235, -0.677, -1.235, -0.746
-1.266, -0.763, -1.266, -0.832, -1.266, -0.780, -1.266, -0.797
-1.297, -0.855, -1.297, -0.866, -1.297, -0.803, -1.297, -0.837
-1.327, -0.832, -1.327, -0.918, -1.327, -0.826, -1.327, -0.872
-1.357, -0.895, -1.357, -0.952, -1.357, -0.895, -1.357, -0.878
-1.386, -0.906, -1.386, -0.987, -1.386, -0.906, -1.386, -0.964
-1.415, -0.975, -1.415, -1.021, -1.415, -0.906, -1.415, -0.981
-1.443, -0.998, -1.443, -1.050, -1.443, -1.032, -1.443, -1.032
-1.470, -1.032, -1.470, -1.090, -1.470, -1.015, -1.470, -1.032
-1.497, -1.073, -1.497, -1.124, -1.497, -1.073, -1.497, -1.078
-1.523, -1.084, -1.523, -1.159, -1.523, -1.124, -1.523, -1.101
-1.549, -1.130, -1.549, -1.193, -1.549, -1.136, -1.549, -1.170
-1.574, -1.187, -1.574, -1.210, -1.574, -1.078, -1.574, -1.147
-1.598, -1.182, -1.598, -1.251, -1.598, -1.210, -1.598, -1.251
-1.622, -1.210, -1.622, -1.273, -1.622, -1.205, -1.622, -1.228
-1.645, -1.262, -1.645, -1.308, -1.645, -1.273, -1.645, -1.251
-1.667, -1.400, -1.667, -1.337, -1.667, -1.325, -1.667, -1.319
-1.689, -1.216, -1.689, -1.354, -1.689, -1.291, -1.689, -1.319
-1.710, -1.365, -1.710, -1.405, -1.710, -1.319, -1.710, -1.365
-1.730, -1.371, -1.730, -1.319, -1.730, -1.342, -1.730, -1.394
-1.750, -1.388, -1.750, -1.515, -1.750, -1.337, -1.750, -1.383
-1.769, -1.405, -1.769, -1.480, -1.769, -1.486, -1.769, -1.469
-1.787, -1.446, -1.787, -1.497, -1.787, -1.440, -1.787, -1.411
-1.805, -1.469, -1.805, -1.515, -1.805, -1.469, -1.805, -1.526
-1.822, -1.480, -1.822, -1.543, -1.822, -1.515, -1.822, -1.492
-1.838, -1.520, -1.838, -1.566, -1.838, -1.537, -1.838, -1.520
-1.853, -1.560, -1.853, -1.578, -1.853, -1.532, -1.853, -1.560
-1.868, -1.560, -1.868, -1.606, -1.868, -1.549, -1.868, -1.583
-1.882, -1.589, -1.882, -1.641, -1.882, -1.560, -1.882, -1.612
-1.895, -1.578, -1.895, -1.652, -1.895, -1.618, -1.895, -1.629
-1.907, -1.647, -1.907, -1.664, -1.907, -1.560, -1.907, -1.624
-1.919, -1.641, -1.919, -1.687, -1.919, -1.710, -1.919, -1.687
-1.930, -1.652, -1.930, -1.698, -1.930, -1.675, -1.930, -1.664
-1.940, -1.675, -1.940, -1.710, -1.940, -1.664, -1.940, -1.733
-1.949, -1.692, -1.949, -1.733, -1.949, -1.733, -1.949, -1.652
-1.958, -1.721, -1.958, -1.756, -1.958, -1.767, -1.958, -1.744
-1.965, -1.733, -1.965, -1.756, -1.965, -1.727, -1.965, -1.721
-1.972, -1.727, -1.972, -1.756, -1.972, -1.710, -1.972, -1.710
-1.979, -1.756, -1.979, -1.790, -1.979, -1.778, -1.979, -1.767
-1.984, -1.761, -1.984, -1.813, -1.984, -1.761, -1.984, -1.813
-1.989, -1.767, -1.989, -1.807, -1.989, -1.778, -1.989, -1.778
-1.992, -1.807, -1.992, -1.813, -1.992, -1.836, -1.992, -1.801
-1.995, -1.807, -1.995, -1.847, -1.995, -1.836, -1.995, -1.830
-1.997, -1.807, -1.997, -1.807, -1.997, -1.778, -1.997, -1.836
-1.999, -1.796, -1.999, -1.859, -1.999, -1.836, -1.999, -1.824
-1.999, -1.824, -1.999, -1.865, -1.999, -1.836, -1.999, -1.824
-1.999, -1.853, -1.999, -1.865, -1.999, -1.882, -1.999, -1.859
-1.998, -1.847, -1.998, -1.870, -1.998, -1.836, -1.998, -1.836
-1.996, -1.853, -1.996, -1.882, -1.996, -1.893, -1.996, -1.870
-1.994, -1.847, -1.994, -1.870, -1.994, -1.756, -1.994, -1.882
-1.990, -1.847, -1.990, -1.882, -1.990, -1.905, -1.990, -1.870
-1.986, -1.870, -1.986, -1.882, -1.986, -1.876, -1.986, -1.853
-1.981, -1.859, -1.981, -1.893, -1.981, -1.905, -1.981, -1.859
-1.975, -1.882, -1.975, -1.893, -1.975, -1.652, -1.975, -1.916
-1.969, -1.893, -1.969, -1.899, -1.969, -2.025, -1.969, -1.916
-1.962, -1.836, -1.962, -1.870, -1.962, -1.813, -1.962, -1.847
-1.953, -1.865, -1.953, -1.893, -1.953, -1.899, -1.953, -1.905
-1.944, -1.859, -1.944, -1.893, -1.944, -1.870, -1.944, -1.847
-1.935, -1.882, -1.935, -1.893, -1.935, -1.916, -1.935, -1.882
-1.924, -1.865, -1.924, -1.859, -1.924, -1.801, -1.924, -1.870
-1.913, -1.859, -1.913, -1.882, -1.913, -1.824, -1.913, -1.836
-1.901, -1.842, -1.901, -1.870, -1.901, -1.859, -1.901, -1.893
-1.888, -1.847, -1.888, -1.876, -1.888, -1.882, -1.888, -1.836
-1.875, -1.842, -1.875, -1.847, -1.875, -1.859, -1.875, -1.847
-1.860, -1.853, -1.860, -1.842, -1.860, -1.870, -1.860, -1.836
-1.845, -1.859, -1.845, -1.847, -1.845, -1.824, -1.845, -1.847
-1.830, -1.888, -1.830, -1.847, -1.830, -1.813, -1.830, -1.824
-1.813, -1.761, -1.813, -1.807, -1.813, -1.801, -1.813, -1.801
-1.796, -1.801, -1.796, -1.813, -1.796, -1.824, -1.796, -1.790
-1.778, -1.796, -1.778, -1.819, -1.778, -1.778, -1.778, -1.836
-1.759, -1.784, -1.759, -1.778, -1.759, -1.836, -1.759, -1.756
-1.740, -1.767, -1.740, -1.778, -1.740, -1.761, -1.740, -1.778
-1.720, -1.767, -1.720, -1.773, -1.720, -1.801, -1.720, -1.767
-1.699, -1.756, -1.699, -1.756, -1.699, -1.744, -1.699, -1.744
-1.678, -1.733, -1.678, -1.738, -1.678, -1.698, -1.678, -1.744
-1.656, -1.715, -1.656, -1.710, -1.656, -1.733, -1.656, -1.618
-1.633, -1.710, -1.633, -1.710, -1.633, -1.727, -1.633, -1.744
-1.609, -1.681, -1.609, -1.698, -1.609, -1.675, -1.609, -1.658
-1.585, -1.652, -1.585, -1.652, -1.585, -1.681, -1.585, -1.704
-1.561, -1.647, -1.561, -1.635, -1.561, -1.664, -1.561, -1.641
-1.535, -1.629, -1.535, -1.652, -1.535, -1.629, -1.535, -1.641
-1.509, -1.641, -1.509, -1.606, -1.509, -1.618, -1.509, -1.618
-1.483, -1.601, -1.483, -1.595, -1.483, -1.652, -1.483, -1.589
-1.456, -1.583, -1.456, -1.583, -1.456, -1.515, -1.456, -1.560
-1.428, -1.560, -1.428, -1.560, -1.428, -1.606, -1.428, -1.618
-1.400, -1.515, -1.400, -1.520, -1.400, -1.503, -1.400, -1.572
-1.371, -1.526, -1.371, -1.509, -1.371, -1.503, -1.371, -1.451
-1.342, -1.486, -1.342, -1.492, -1.342, -1.526, -1.342, -1.503
-1.312, -1.474, -1.312, -1.440, -1.312, -1.497, -1.312, -1.434
-1.281, -1.469, -1.281, -1.446, -1.281, -1.434, -1.281, -1.434
-1.250, -1.405, -1.250, -1.411, -1.250, -1.354, -1.250, -1.423
-1.219, -1.400, -1.219, -1.388, -1.219, -1.451, -1.219, -1.405
-1.187, -1.377, -1.187, -1.440, -1.187, -1.354, -1.187, -1.348
-1.154, -1.337, -1.154, -1.268, -1.154, -1.342, -1.154, -1.342
-1.121, -1.337, -1.121, -1.285, -1.121, -1.331, -1.121, -1.308
-1.088, -1.296, -1.088, -1.308, -1.088, -1.296, -1.088, -1.256
-1.054, -1.239, -1.054, -1.239, -1.054, -1.228, -1.054, -1.251
-1.020, -1.251, -1.020, -1.216, -1.020, -1.239, -1.020, -1.239
-0.986, -1.216, -0.986, -1.187, -0.986, -1.187, -0.986, -1.210
-0.951, -1.182, -0.951, -1.170, -0.951, -1.210, -0.951, -1.164
-0.915, -1.147, -0.915, -1.119, -0.915, -1.101, -0.915, -1.153
-0.879, -1.113, -0.879, -1.101, -0.879, -1.136, -0.879, -1.113
-0.843, -1.084, -0.843, -1.067, -0.843, -1.090, -0.843, -1.067
-0.807, -1.078, -0.807, -1.044, -0.807, -1.067, -0.807, -1.067
-0.770, -1.010, -0.770, -0.998, -0.770, -0.975, -0.770, -0.987
-0.733, -1.124, -0.733, -0.975, -0.733, -1.010, -0.733, -1.021
-0.696, -0.889, -0.696, -0.929, -0.696, -0.935, -0.696, -0.952
-0.658, -0.935, -0.658, -0.918, -0.658, -0.964, -0.658, -0.929
-0.620, -0.895, -0.620, -0.860, -0.620, -0.866, -0.620, -0.889
-0.582, -0.872, -0.582, -0.849, -0.582, -0.866, -0.582, -0.860
-0.544, -0.837, -0.544, -0.803, -0.544, -0.809, -0.544, -0.832
-0.505, -0.803, -0.505, -0.757, -0.505, -0.791, -0.505, -0.786
-0.466, -0.786, -0.466, -0.734, -0.466, -0.768, -0.466, -0.746
-0.427, -0.705, -0.427, -0.694, -0.427, -0.711, -0.427, -0.734
-0.388, -0.740, -0.388, -0.671, -0.388, -0.688, -0.388, -0.694
-0.349, -0.642, -0.349, -0.625, -0.349, -0.636, -0.349, -0.654
-0.309, -0.636, -0.309, -0.585, -0.309, -0.642, -0.309, -0.614
-0.270, -0.596, -0.270, -0.568, -0.270, -0.579, -0.270, -0.579
-0.230, -0.562, -0.230, -0.516, -0.230, -0.516, -0.230, -0.539
-0.190, -0.516, -0.190, -0.493, -0.190, -0.527, -0.190, -0.505
-0.151, -0.482, -0.151, -0.344, -0.151, -0.482, -0.151, -0.476
-0.111, -0.459, -0.111, -0.493, -0.111, -0.447, -0.111, -0.447
-0.071, -0.401, -0.071, -0.355, -0.071, -0.390, -0.071, -0.401
-0.031, -0.378, -0.031, -0.355, -0.031, -0.373, -0.031, -0.373
0.008, -0.350, 0.008, -0.315, 0.008, -0.332, 0.008, -0.327
0.048, -0.304, 0.048, -0.263, 0.048, -0.286, 0.048, -0.298
0.088, -0.275, 0.088, -0.275, 0.088, -0.292, 0.088, -0.252
0.128, -0.229, 0.128, -0.183, 0.128, -0.195, 0.128, -0.223
0.168, -0.200, 0.168, -0.166, 0.168, -0.195, 0.168, -0.195
0.208, -0.160, 0.208, -0.131, 0.208, -0.137, 0.208, -0.137
0.248, -0.120, 0.248, -0.091, 0.248, -0.109, 0.248, -0.120
0.287, -0.097, 0.287, -0.074, 0.287, -0.057, 0.287, -0.080
0.327, -0.068, 0.327, -0.045, 0.327, -0.045, 0.327, -0.057
0.366, -0.068, 0.366, -0.034, 0.366, 0.000, 0.366, -0.022
0.406, -0.045, 0.406, -0.034, 0.406, 0.000, 0.406, -0.017
0.445, -0.051, 0.445, -0.028, 0.445, 0.000, 0.445, -0.017
0.483, 0.017, 0.483, 0.126, 0.483, 0.000, 0.483, -0.011
0.522, 0.022, 0.522, -0.022, 0.522, -0.005, 0.522, 0.063
0.561, 0.028, 0.561, 0.126, 0.561, 0.005, 0.561, 0.045
0.599, 0.034, 0.599, 0.137, 0.599, 0.000, 0.599, 0.057
0.637, 0.051, 0.637, 0.120, 0.637, 0.000, 0.637, 0.068
0.675, 0.068, 0.675, 0.137, 0.675, 0.000, 0.675, 0.080
0.712, 0.120, 0.712, 0.160, 0.712, 0.022, 0.712, 0.126
0.750, 0.166, 0.750, 0.212, 0.750, 0.103, 0.750, 0.166
0.786, 0.189, 0.786, 0.223, 0.786, 0.160, 0.786, 0.195
0.823, 0.258, 0.823, 0.304, 0.823, 0.206, 0.823, 0.252
0.859, 0.298, 0.859, 0.321, 0.859, 0.223, 0.859, 0.298
0.895, 0.332, 0.895, 0.378, 0.895, 0.304, 0.895, 0.332
0.931, 0.373, 0.931, 0.407, 0.931, 0.321, 0.931, 0.378
0.966, 0.424, 0.966, 0.459, 0.966, 0.395, 0.966, 0.424
1.001, 0.464, 1.001, 0.499, 1.001, 0.441, 1.001, 0.459
1.035, 0.499, 1.035, 0.527, 1.035, 0.441, 1.035, 0.516
1.069, 0.550, 1.069, 0.585, 1.069, 0.516, 1.069, 0.556
1.103, 0.585, 1.103, 0.625, 1.103, 0.550, 1.103, 0.573
1.136, 0.625, 1.136, 0.665, 1.136, 0.596, 1.136, 0.625
1.169, 0.654, 1.169, 0.705, 1.169, 0.631, 1.169, 0.671
1.201, 0.711, 1.201, 0.746, 1.201, 0.688, 1.201, 0.705
1.233, 0.751, 1.233, 0.786, 1.233, 0.700, 1.233, 0.746
1.264, 0.774, 1.264, 0.837, 1.264, 0.786, 1.264, 0.797
1.295, 0.832, 1.295, 0.832, 1.295, 0.906, 1.295, 0.837
1.325, 0.849, 1.325, 0.900, 1.325, 0.757, 1.325, 0.855
1.355, 0.895, 1.355, 0.946, 1.355, 0.872, 1.355, 0.889
1.384, 0.918, 1.384, 0.987, 1.384, 0.918, 1.384, 0.964
1.412, 0.975, 1.412, 0.998, 1.412, 0.958, 1.412, 0.952
1.440, 0.998, 1.440, 0.998, 1.440, 0.946, 1.440, 0.975
1.468, 1.032, 1.468, 1.124, 1.468, 1.055, 1.468, 1.067
1.495, 1.061, 1.495, 1.101, 1.495, 1.067, 1.495, 1.090
1.521, 1.096, 1.521, 1.147, 1.521, 1.084, 1.521, 1.090
1.547, 1.147, 1.547, 1.182, 1.547, 1.170, 1.547, 1.130
1.572, 1.159, 1.572, 1.205, 1.572, 1.124, 1.572, 1.182
1.596, 1.205, 1.596, 1.245, 1.596, 1.228, 1.596, 1.205
1.620, 1.228, 1.620, 1.273, 1.620, 1.182, 1.620, 1.251
1.643, 1.256, 1.643, 1.296, 1.643, 1.273, 1.643, 1.251
1.665, 1.291, 1.665, 1.337, 1.665, 1.308, 1.665, 1.388
1.687, 1.296, 1.687, 1.348, 1.687, 1.296, 1.687, 1.256
1.708, 1.354, 1.708, 1.388, 1.708, 1.348, 1.708, 1.365
1.729, 1.354, 1.729, 1.405, 1.729, 1.360, 1.729, 1.365
1.749, 1.405, 1.749, 1.440, 1.749, 1.365, 1.749, 1.423
1.768, 1.417, 1.768, 1.469, 1.768, 1.440, 1.768, 1.405
1.786, 1.451, 1.786, 1.503, 1.786, 1.486, 1.786, 1.423
1.804, 1.469, 1.804, 1.526, 1.804, 1.434, 1.804, 1.526
1.820, 1.515, 1.820, 1.532, 1.820, 1.526, 1.820, 1.480
1.837, 1.515, 1.837, 1.572, 1.837, 1.515, 1.837, 1.560
1.852, 1.526, 1.852, 1.560, 1.852, 1.543, 1.852, 1.543
1.867, 1.572, 1.867, 1.606, 1.867, 1.629, 1.867, 1.560
1.881, 1.635, 1.881, 1.612, 1.881, 1.543, 1.881, 1.601
1.894, 1.515, 1.894, 1.641, 1.894, 1.629, 1.894, 1.583
1.906, 1.652, 1.906, 1.675, 1.906, 1.560, 1.906, 1.629
1.918, 1.669, 1.918, 1.669, 1.918, 1.710, 1.918, 1.669
1.929, 1.652, 1.929, 1.687, 1.929, 1.652, 1.929, 1.664
1.939, 1.692, 1.939, 1.715, 1.939, 1.652, 1.939, 1.687
1.948, 1.692, 1.948, 1.727, 1.948, 1.675, 1.948, 1.727
1.957, 1.721, 1.957, 1.756, 1.957, 1.790, 1.957, 1.721
1.965, 1.721, 1.965, 1.750, 1.965, 1.675, 1.965, 1.756
1.972, 1.756, 1.972, 1.767, 1.972, 1.767, 1.972, 1.744
1.978, 1.744, 1.978, 1.813, 1.978, 1.687, 1.978, 1.733
1.984, 1.767, 1.984, 1.778, 1.984, 1.859, 1.984, 1.807
1.988, 1.790, 1.988, 1.801, 1.988, 1.767, 1.988, 1.773
1.992, 1.784, 1.992, 1.813, 1.992, 1.767, 1.992, 1.807
1.995, 1.801, 1.995, 1.836, 1.995, 1.836, 1.995, 1.790
1.997, 1.813, 1.997, 1.606, 1.997, 1.767, 1.997, 1.859
1.999, 1.830, 1.999, 1.997, 1.999, 1.859, 1.999, 1.790
1.999, 1.830, 1.999, 1.985, 1.999, 1.882, 1.999, 1.842
1.999, 1.813, 1.999, 1.744, 1.999, 1.813, 1.999, 1.859
1.998, 1.876, 1.998, 1.893, 1.998, 1.888, 1.998, 1.899
1.997, 1.824, 1.997, 1.870, 1.997, 1.824, 1.997, 1.813
1.994, 1.876, 1.994, 1.882, 1.994, 1.905, 1.994, 1.928
1.991, 1.859, 1.991, 1.876, 1.991, 1.842, 1.991, 1.824
1.987, 1.859, 1.987, 1.882, 1.987, 1.882, 1.987, 1.916
1.982, 1.870, 1.982, 1.888, 1.982, 1.893, 1.982, 1.847
1.976, 1.865, 1.976, 1.882, 1.976, 1.773, 1.976, 1.859
1.969, 1.870, 1.969, 1.939, 1.969, 1.962, 1.969, 1.882
1.962, 1.876, 1.962, 1.847, 1.962, 1.865, 1.962, 1.767
1.954, 1.870, 1.954, 1.888, 1.954, 1.870, 1.954, 1.962
1.945, 1.859, 1.945, 1.888, 1.945, 1.836, 1.945, 1.836
1.936, 1.876, 1.936, 1.870, 1.936, 1.888, 1.936, 1.882
1.925, 1.865, 1.925, 1.882, 1.925, 1.870, 1.925, 1.859
1.914, 1.606, 1.914, 1.870, 1.914, 1.870, 1.914, 1.888
1.902, 2.002, 1.902, 1.888, 1.902, 1.847, 1.902, 1.870
1.889, 1.859, 1.889, 1.847, 1.889, 1.756, 1.889, 1.847
1.876, 1.824, 1.876, 1.847, 1.876, 1.922, 1.876, 1.870
1.862, 1.870, 1.862, 1.503, 1.862, 1.790, 1.862, 1.847
1.847, 1.853, 1.847, 2.088, 1.847, 1.870, 1.847, 1.807
1.831, 1.807, 1.831, 1.813, 1.831, 1.801, 1.831, 1.842
1.814, 1.813, 1.814, 1.813, 1.814, 1.836, 1.814, 1.824
1.797, 1.836, 1.797, 1.824, 1.797, 1.824, 1.797, 1.807
1.779, 1.784, 1.779, 1.801, 1.779, 1.744, 1.779, 1.738
1.761, 1.778, 1.761, 1.801, 1.761, 1.836, 1.761, 1.847
1.741, 1.784, 1.741, 1.778, 1.741, 1.721, 1.741, 1.744
1.721, 1.744, 1.721, 1.778, 1.721, 1.790, 1.721, 1.790
1.701, 1.773, 1.701, 1.756, 1.701, 1.801, 1.701, 1.744
1.679, 1.727, 1.679, 1.727, 1.679, 1.698, 1.679, 1.675
1.657, 1.738, 1.657, 1.733, 1.657, 1.675, 1.657, 1.767
1.635, 1.704, 1.635, 1.710, 1.635, 1.733, 1.635, 1.704
1.611, 1.692, 1.611, 1.698, 1.611, 1.721, 1.611, 1.675
1.587, 1.681, 1.587, 1.669, 1.587, 1.618, 1.587, 1.710
1.563, 1.658, 1.563, 1.658, 1.563, 1.681, 1.563, 1.641
1.537, 1.635, 1.537, 1.652, 1.537, 1.549, 1.537, 1.618
1.511, 1.618, 1.511, 1.606, 1.511, 1.669, 1.511, 1.641
1.485, 1.606, 1.485, 1.595, 1.485, 1.595, 1.485, 1.589
1.458, 1.583, 1.458, 1.595, 1.458, 1.549, 1.458, 1.601
1.430, 1.566, 1.430, 1.549, 1.430, 1.583, 1.430, 1.532
1.402, 1.526, 1.402, 1.537, 1.402, 1.480, 1.402, 1.566
1.373, 1.537, 1.373, 1.515, 1.373, 1.515, 1.373, 1.503
1.344, 1.492, 1.344, 1.486, 1.344, 1.520, 1.344, 1.474
1.314, 1.469, 1.314, 1.469, 1.314, 1.457, 1.314, 1.486
1.284, 1.469, 1.284, 1.428, 1.284, 1.440, 1.284, 1.446
1.253, 1.423, 1.253, 1.428, 1.253, 1.480, 1.253, 1.411
1.221, 1.377, 1.221, 1.360, 1.221, 1.360, 1.221, 1.365
1.189, 1.417, 1.189, 1.388, 1.189, 1.365, 1.189, 1.383
1.157, 1.342, 1.157, 1.331, 1.157, 1.342, 1.157, 1.319
1.124, 1.314, 1.124, 1.319, 1.124, 1.314, 1.124, 1.331
1.091, 1.314, 1.091, 1.273, 1.091, 1.296, 1.091, 1.251
1.057, 1.251, 1.057, 1.251, 1.057, 1.239, 1.057, 1.296
1.023, 1.228, 1.023, 1.239, 1.023, 1.256, 1.023, 1.216
0.988, 1.251, 0.988, 1.193, 0.988, 1.239, 0.988, 1.210
0.953, 0.992, 0.953, 1.159, 0.953, 1.153, 0.953, 1.170
0.918, 1.273, 0.918, 1.147, 0.918, 1.090, 0.918, 1.170
0.882, 1.130, 0.882, 1.090, 0.882, 1.153, 0.882, 1.101
0.846, 1.073, 0.846, 1.078, 0.846, 1.090, 0.846, 1.073
0.810, 1.084, 0.810, 1.044, 0.810, 1.061, 0.810, 1.027
0.773, 1.233, 0.773, 1.010, 0.773, 1.027, 0.773, 1.055
0.736, 0.872, 0.736, 0.952, 0.736, 0.987, 0.736, 0.981
0.699, 0.975, 0.699, 0.975, 0.699, 0.918, 0.699, 0.941
0.661, 0.941, 0.661, 0.906, 0.661, 0.952, 0.661, 0.952
0.623, 0.883, 0.623, 0.872, 0.623, 0.889, 0.623, 0.860
0.585, 0.883, 0.585, 0.872, 0.585, 0.814, 0.585, 0.855
0.547, 0.832, 0.547, 0.803, 0.547, 0.849, 0.547, 0.849
0.508, 0.803, 0.508, 0.763, 0.508, 0.797, 0.508, 0.791
0.469, 0.780, 0.469, 0.746, 0.469, 0.734, 0.469, 0.751
0.430, 0.734, 0.430, 0.711, 0.430, 0.740, 0.430, 0.740
0.391, 0.700, 0.391, 0.677, 0.391, 0.671, 0.391, 0.688
0.352, 0.659, 0.352, 0.625, 0.352, 0.677, 0.352, 0.677
0.313, 0.642, 0.313, 0.602, 0.313, 0.631, 0.313, 0.608
0.273, 0.579, 0.273, 0.568, 0.273, 0.579, 0.273, 0.573
0.233, 0.562, 0.233, 0.522, 0.233, 0.550, 0.233, 0.562
0.194, 0.527, 0.194, 0.493, 0.194, 0.516, 0.194, 0.516
0.154, 0.482, 0.154, 0.459, 0.154, 0.487, 0.154, 0.470
0.114, 0.447, 0.114, 0.418, 0.114, 0.447, 0.114, 0.459
0.074, 0.418, 0.074, 0.390, 0.074, 0.401, 0.074, 0.401
0.034, 0.378, 0.034, 0.355, 0.034, 0.373, 0.034, 0.367
-0.005, 0.344, -0.005, 0.309, -0.005, 0.338, -0.005, 0.344
-0.045, 0.304, -0.045, 0.275, -0.045, 0.275, -0.045, 0.286
-0.085, 0.275, -0.085, 0.241, -0.085, 0.269, -0.085, 0.275
-0.125, 0.241, -0.125, 0.195, -0.125, 0.218, -0.125, 0.229
-0.165, 0.206, -0.165, 0.195, -0.165, 0.183, -0.165, 0.183
-0.205, 0.143, -0.205, 0.143, -0.205, 0.154, -0.205, 0.154
-0.245, 0.137, -0.245, 0.120, -0.245, 0.097, -0.245, 0.109
-0.284, 0.097, -0.284, 0.109, -0.284, 0.086, -0.284, 0.097
-0.324, 0.057, -0.324, 0.103, -0.324, 0.034, -0.324, 0.063
-0.363, 0.034, -0.363, 0.109, -0.363, 0.005, -0.363, 0.045
-0.402, 0.022, -0.402, -0.045, -0.402, 0.011, -0.402, 0.045
-0.441, 0.011, -0.441, 0.137, -0.441, 0.005, -0.441, 0.045
-0.480, 0.005, -0.480, -0.057, -0.480, 0.005, -0.480, -0.034
-0.519, -0.057, -0.519, -0.045, -0.519, 0.005, -0.519, 0.028
-0.558, -0.063, -0.558, -0.040, -0.558, -0.011, -0.558, -0.045
-0.596, -0.051, -0.596, -0.057, -0.596, 0.000, -0.596, -0.034
-0.634, -0.068, -0.634, -0.080, -0.634, 0.000, -0.634, -0.045
-0.672, -0.068, -0.672, -0.131, -0.672, -0.011, -0.672, -0.103
-0.709, -0.126, -0.709, -0.200, -0.709, -0.045, -0.709, -0.114
-0.747, -0.131, -0.747, -0.154, -0.747, -0.097, -0.747, -0.166
-0.784, -0.212, -0.784, -0.281, -0.784, -0.149, -0.784, -0.212
-0.820, -0.235, -0.820, -0.298, -0.820, -0.183, -0.820, -0.252
-0.857, -0.292, -0.857, -0.350, -0.857, -0.241, -0.857, -0.281
-0.892, -0.327, -0.892, -0.378, -0.892, -0.292, -0.892, -0.350
-0.928, -0.367, -0.928, -0.424, -0.928, -0.315, -0.928, -0.384
-0.963, -0.395, -0.963, -0.470, -0.963, -0.390, -0.963, -0.424
-0.998, -0.464, -0.998, -0.516, -0.998, -0.418, -0.998, -0.464
-1.033, -0.499, -1.033, -0.556, -1.033, -0.436, -1.033, -0.505
-1.067, -0.527, -1.067, -0.585, -1.067, -0.516, -1.067, -0.550
-1.100, -0.608, -1.100, -0.636, -1.100, -0.562, -1.100, -0.602
-1.133, -0.602, -1.133, -0.671, -1.133, -0.596, -1.133, -0.625
-1.166, -0.648, -1.166, -0.723, -1.166, -0.642, -1.166, -0.677
-1.198, -0.694, -1.198, -0.751, -1.198, -0.665, -1.198, -0.671
-1.230, -0.734, -1.230, -0.797, -1.230, -0.734, -1.230, -0.780
-1.261, -0.763, -1.261, -0.843, -1.261, -0.734, -1.261, -0.780
-1.292, -0.826, -1.292, -0.866, -1.292, -0.814, -1.292, -0.837
-1.323, -0.837, -1.323, -0.895, -1.323, -0.809, -1.323, -0.860
-1.352, -0.872, -1.352, -0.952, -1.352, -0.860, -1.352, -0.912
-1.381, -0.923, -1.381, -0.975, -1.381, -0.935, -1.381, -0.935
-1.410, -0.964, -1.410, -1.015, -1.410, -0.952, -1.410, -0.964
-1.438, -0.987, -1.438, -1.055, -1.438, -0.987, -1.438, -1.032
-1.466, -1.038, -1.466, -1.084, -1.466, -1.027, -1.466, -1.044
-1.493, -1.044, -1.493, -1.113, -1.493, -1.044, -1.493, -1.044
-1.519, -1.084, -1.519, -1.153, -1.519, -1.078, -1.519, -1.124
-1.545, -1.130, -1.545, -1.182, -1.545, -1.136, -1.545, -1.142
-1.570, -1.153, -1.570, -1.222, -1.570, -1.153, -1.570, -1.159
-1.594, -1.199, -1.594, -1.239, -1.594, -1.176, -1.594, -1.228
-1.618, -1.216, -1.618, -1.314, -1.618, -1.216, -1.618, -1.228
-1.641, -1.233, -1.641, -1.302, -1.641, -1.205, -1.641, -1.273
-1.664, -1.291, -1.664, -1.319, -1.664, -1.296, -1.664, -1.319
-1.685, -1.319, -1.685, -1.365, -1.685, -1.331, -1.685, -1.314
-1.707, -1.319, -1.707, -1.377, -1.707, -1.296, -1.707, -1.365
-1.727, -1.331, -1.727, -1.423, -1.727, -1.377, -1.727, -1.365
-1.747, -1.411, -1.747, -1.434, -1.747, -1.388, -1.747, -1.405
-1.766, -1.405, -1.766, -1.486, -1.766, -1.423, -1.766, -1.423
-1.784, -1.469, -1.784, -1.480, -1.784, -1.480, -1.784, -1.515
-1.802, -1.469, -1.802, -1.515, -1.802, -1.469, -1.802, -1.423
-1.819, -1.492, -1.819, -1.537, -1.819, -1.469, -1.819, -1.572
-1.835, -1.503, -1.835, -1.555, -1.835, -1.480, -1.835, -1.469
-1.851, -1.537, -1.851, -1.583, -1.851, -1.526, -1.851, -1.595
-1.866, -1.566, -1.866, -1.606, -1.866, -1.595, -1.866, -1.549
-1.880, -1.572, -1.880, -1.583, -1.880, -1.572, -1.880, -1.583
-1.893, -1.612, -1.893, -1.664, -1.893, -1.618, -1.893, -1.618
-1.905, -1.606, -1.905, -1.652, -1.905, -1.652, -1.905, -1.664
-1.917, -1.658, -1.917, -1.687, -1.917, -1.652, -1.917, -1.618
-1.928, -1.669, -1.928, -1.698, -1.928, -1.687, -1.928, -1.721
-1.938, -1.664, -1.938, -1.704, -1.938, -1.618, -1.938, -1.687
-1.948, -1.692, -1.948, -1.727, -1.948, -1.733, -1.948, -1.692
-1.956, -1.715, -1.956, -1.744, -1.956, -1.721, -1.956, -1.721
-1.964, -1.733, -1.964, -1.767, -1.964, -1.721, -1.964, -1.756
-1.971, -1.744, -1.971, -1.773, -1.971, -1.675, -1.971, -1.744
-1.978, -1.756, -1.978, -1.790, -1.978, -1.790, -1.978, -1.801
-1.983, -1.767, -1.983, -1.801, -1.983, -1.801, -1.983, -1.733
-1.988, -1.756, -1.988, -1.784, -1.988, -1.761, -1.988, -1.807
-1.992, -1.796, -1.992, -1.836, -1.992, -1.801, -1.992, -1.790
-1.995, -1.813, -1.995, -1.836, -1.995, -1.790, -1.995, -1.790
-1.997, -1.813, -1.997, -1.951, -1.997, -1.836, -1.997, -1.847
-1.999, -1.819, -1.999, -1.767, -1.999, -1.790, -1.999, -1.801
-1.999, -1.819, -1.999, -1.859, -1.999, -1.824, -1.999, -1.985
-1.999, -1.836, -1.999, -1.882, -1.999, -1.859, -1.999, -1.721
-1.998, -1.830, -1.998, -1.847, -1.998, -1.853, -1.998, -1.882
-1.997, -1.876, -1.997, -1.882, -1.997, -1.847, -1.997, -1.847
-1.994, -1.859, -1.994, -1.882, -1.994, -1.801, -1.994, -1.876
-1.991, -1.853, -1.991, -1.882, -1.991, -1.893, -1.991, -1.893
-1.987, -1.870, -1.987, -1.882, -1.987, -1.910, -1.987, -1.847
-1.982, -1.847, -1.982, -1.882, -1.982, -1.847, -1.982, -1.870
-1.976, -1.905, -1.976, -1.882, -1.976, -1.870, -1.976, -1.865
-1.970, -1.847, -1.970, -1.888, -1.970, -1.910, -1.970, -1.870
-1.963, -1.876, -1.963, -1.882, -1.963, -1.847, -1.963, -1.882
-1.955, -1.870, -1.955, -1.888, -1.955, -1.824, -1.955, -1.893
-1.946, -1.859, -1.946, -1.888, -1.946, -1.910, -1.946, -1.790
-1.936, -1.859, -1.936, -1.870, -1.936, -1.870, -1.936, -1.962
-1.926, -1.876, -1.926, -1.882, -1.926, -1.865, -1.926, -1.813
-1.915, -1.859, -1.915, -1.870, -1.915, -1.905, -1.915, -1.865
-1.903, -1.870, -1.903, -1.870, -1.903, -1.767, -1.903, -1.893
-1.890, -1.847, -1.890, -1.870, -1.890, -1.899, -1.890, -1.836
-1.877, -1.847, -1.877, -1.853, -1.877, -1.813, -1.877, -1.813
-1.863, -1.865, -1.863, -1.847, -1.863, -1.836, -1.863, -1.888
-1.848, -1.801, -1.848, -1.836, -1.848, -1.882, -1.848, -1.847
-1.832, -1.819, -1.832, -1.836, -1.832, -1.824, -1.832, -1.807
-1.816, -1.842, -1.816, -1.824, -1.816, -1.813, -1.816, -1.813
-1.799, -1.796, -1.799, -1.813, -1.799, -1.859, -1.799, -1.836
-1.781, -1.847, -1.781, -1.790, -1.781, -2.020, -1.781, -1.761
-1.762, -1.761, -1.762, -1.790, -1.762, -1.583, -1.762, -1.801
-1.743, -1.761, -1.743, -1.790, -1.743, -1.738, -1.743, -1.813
-1.723, -1.773, -1.723, -1.767, -1.723, -1.778, -1.723, -1.756
-1.702, -1.721, -1.702, -1.750, -1.702, -1.773, -1.702, -1.715
-1.681, -1.733, -1.681, -1.733, -1.681, -1.710, -1.681, -1.756
-1.659, -1.721, -1.659, -1.727, -1.659, -1.756, -1.659, -1.710
-1.636, -1.721, -1.636, -1.698, -1.636, -1.692, -1.636, -1.698
-1.613, -1.692, -1.613, -1.704, -1.613, -1.744, -1.613, -1.687
-1.589, -1.675, -1.589, -1.664, -1.589, -1.606, -1.589, -1.721
-1.565, -1.658, -1.565, -1.664, -1.565, -1.595, -1.565, -1.704
-1.539, -1.641, -1.539, -1.641, -1.539, -1.698, -1.539, -1.583
-1.514, -1.612, -1.514, -1.618, -1.514, -1.606, -1.514, -1.595
-1.487, -1.624, -1.487, -1.606, -1.487, -1.595, -1.487, -1.595
-1.460, -1.560, -1.460, -1.578, -1.460, -1.578, -1.460, -1.595
-1.432, -1.572, -1.432, -1.549, -1.432, -1.606, -1.432, -1.543
-1.404, -1.555, -1.404, -1.543, -1.404, -1.515, -1.404, -1.526
-1.376, -1.503, -1.376, -1.503, -1.376, -1.423, -1.376, -1.480
-1.346, -1.509, -1.346, -1.492, -1.346, -1.566, -1.346, -1.515
-1.316, -1.469, -1.316, -1.451, -1.316, -1.480, -1.316, -1.451
-1.286, -1.434, -1.286, -1.451, -1.286, -1.446, -1.286, -1.434
-1.255, -1.469, -1.255, -1.423, -1.255, -1.480, -1.255, -1.411
-1.224, -1.400, -1.224, -1.388, -1.224, -1.411, -1.224, -1.388
-1.192, -1.365, -1.192, -1.365, -1.192, -1.262, -1.192, -1.365
-1.160, -1.348, -1.160, -1.337, -1.160, -1.365, -1.160, -1.365
-1.127, -1.308, -1.127, -1.296, -1.127, -1.348, -1.127, -1.302
-1.093, -1.308, -1.093, -1.285, -1.093, -1.296, -1.093, -1.285
-1.060, -1.273, -1.060, -1.285, -1.060, -1.262, -1.060, -1.273
-1.026, -1.233, -1.026, -1.199, -1.026, -1.182, -1.026, -1.216
-0.991, -1.210, -0.991, -1.199, -0.991, -1.239, -0.991, -1.233
-0.956, -1.182, -0.956, -1.159, -0.956, -1.182, -0.956, -1.147
-0.921, -1.153, -0.921, -1.142, -0.921, -1.164, -0.921, -1.164
-0.885, -1.142, -0.885, -0.682, -0.885, -1.147, -0.885, -1.101
-0.849, -1.113, -0.849, -1.377, -0.849, -1.032, -0.849, -1.124
-0.813, -1.032, -0.813, -1.021, -0.813, -1.078, -0.813, -1.027
-0.776, -1.032, -0.776, -0.992, -0.776, -1.032, -0.776, -1.032
-0.739, -1.027, -0.739, -0.992, -0.739, -0.952, -0.739, -0.975
-0.702, -0.964, -0.702, -0.941, -0.702, -0.975, -0.702, -0.987
-0.664, -0.929, -0.664, -0.923, -0.664, -0.935, -0.664, -0.923
-0.626, -0.918, -0.626, -0.883, -0.626, -0.918, -0.626, -0.895
-0.588, -0.872, -0.588, -0.843, -0.588, -0.843, -0.588, -0.855
-0.550, -0.832, -0.550, -0.832, -0.550, -0.849, -0.550, -0.814
-0.511, -0.814, -0.511, -0.757, -0.511, -0.774, -0.511, -0.803
-0.472, -0.780, -0.472, -0.763, -0.472, -0.740, -0.472, -0.751
-0.434, -0.734, -0.434, -0.700, -0.434, -0.751, -0.434, -0.723
-0.394, -0.700, -0.394, -0.682, -0.394, -0.694, -0.394, -0.688
-0.355, -0.677, -0.355, -0.631, -0.355, -0.671, -0.355, -0.671
-0.316, -0.642, -0.316, -0.619, -0.316, -0.608, -0.316, -0.608
-0.276, -0.585, -0.276, -0.550, -0.276, -0.602, -0.276, -0.596
-0.236, -0.579, -0.236, -0.533, -0.236, -0.562, -0.236, -0.550
-0.197, -0.533, -0.197, -0.505, -0.197, -0.499, -0.197, -0.516
-0.157, -0.493, -0.157, -0.453, -0.157, -0.464, -0.157, -0.470
-0.117, -0.464, -0.117, -0.424, -0.117, -0.464, -0.117, -0.453
-0.077, -0.424, -0.077, -0.367, -0.077, -0.418, -0.077, -0.413
-0.037, -0.373, -0.037, -0.367, -0.037, -0.373, -0.037, -0.367
0.002, -0.344, 0.002, -0.309, 0.002, -0.344, 0.002, -0.332
0.042, -0.315, 0.042, -0.286, 0.042, -0.286, 0.042, -0.298
0.082, -0.263, 0.082, -0.241, 0.082, -0.263, 0.082, -0.263
0.122, -0.252, 0.122, -0.212, 0.122, -0.235, 0.122, -0.229
0.162, -0.189, 0.162, -0.166, 0.162, -0.195, 0.162, -0.183
0.202, -0.183, 0.202, -0.149, 0.202, -0.131, 0.202, -0.149
0.241, -0.126, 0.241, -0.103, 0.241, -0.126, 0.241, -0.137
0.281, -0.103, 0.281, -0.068, 0.281, -0.080, 0.281, -0.068
0.321, -0.074, 0.321, -0.045, 0.321, -0.045, 0.321, -0.068
0.360, -0.063, 0.360, -0.028, 0.360, -0.017, 0.360, -0.034
0.399, -0.051, 0.399, -0.022, 0.399, -0.005, 0.399, -0.028
0.438, -0.063, 0.438, -0.040, 0.438, 0.000, 0.438, -0.022
0.477, 0.028, 0.477, 0.126, 0.477, -0.011, 0.477, -0.022
0.516, -0.063, 0.516, -0.040, 0.516, -0.005, 0.516, 0.057
0.555, 0.017, 0.555, 0.126, 0.555, 0.017, 0.555, 0.051
0.593, 0.045, 0.593, 0.120, 0.593, 0.005, 0.593, 0.045
0.631, 0.022, 0.631, 0.126, 0.631, 0.005, 0.631, 0.057
0.669, 0.074, 0.669, 0.131, 0.669, 0.000, 0.669, 0.080
0.706, 0.114, 0.706, 0.172, 0.706, 0.011, 0.706, 0.120
0.744, 0.160, 0.744, 0.189, 0.744, 0.097, 0.744, 0.143
0.781, 0.189, 0.781, 0.223, 0.781, 0.166, 0.781, 0.212
0.817, 0.246, 0.817, 0.298, 0.817, 0.172, 0.817, 0.246
0.854, 0.292, 0.854, 0.321, 0.854, 0.235, 0.854, 0.286
0.890, 0.327, 0.890, 0.367, 0.890, 0.292, 0.890, 0.327
0.925, 0.367, 0.925, 0.401, 0.925, 0.327, 0.925, 0.390
0.961, 0.413, 0.961, 0.459, 0.961, 0.378, 0.961, 0.401
0.995, 0.459, 0.995, 0.482, 0.995, 0.418, 0.995, 0.470
1.030, 0.505, 1.030, 0.533, 1.030, 0.464, 1.030, 0.493
1.064, 0.550, 1.064, 0.579, 1.064, 0.470, 1.064, 0.539
1.098, 0.556, 1.098, 0.614, 1.098, 0.562, 1.098, 0.602
1.131, 0.619, 1.131, 0.677, 1.131, 0.585, 1.131, 0.619
1.164, 0.665, 1.164, 0.700, 1.164, 0.642, 1.164, 0.659
1.196, 0.711, 1.196, 0.734, 1.196, 0.665, 1.196, 0.700
1.228, 0.734, 1.228, 0.774, 1.228, 0.734, 1.228, 0.757
1.259, 0.791, 1.259, 0.814, 1.259, 0.763, 1.259, 0.780
1.290, 0.814, 1.290, 0.860, 1.290, 0.740, 1.290, 0.803
1.320, 0.855, 1.320, 0.895, 1.320, 0.866, 1.320, 0.866
1.350, 0.883, 1.350, 0.929, 1.350, 0.837, 1.350, 0.889
1.379, 0.929, 1.379, 0.969, 1.379, 0.941, 1.379, 0.941
1.408, 0.946, 1.408, 1.038, 1.408, 0.964, 1.408, 1.021
1.436, 0.992, 1.436, 1.004, 1.436, 0.964, 1.436, 0.952
1.463, 1.004, 1.463, 1.078, 1.463, 1.015, 1.463, 1.055
1.490, 1.073, 1.490, 1.113, 1.490, 1.090, 1.490, 1.055
1.517, 1.101, 1.517, 1.124, 1.517, 1.067, 1.517, 1.078
1.543, 1.130, 1.543, 1.170, 1.543, 1.147, 1.543, 1.159
1.568, 1.153, 1.568, 1.210, 1.568, 1.136, 1.568, 1.153
1.592, 1.193, 1.592, 1.239, 1.592, 1.187, 1.592, 1.210
1.616, 1.233, 1.616, 1.256, 1.616, 1.228, 1.616, 1.262
1.639, 1.228, 1.639, 1.308, 1.639, 1.251, 1.639, 1.251
1.662, 1.308, 1.662, 1.337, 1.662, 1.285, 1.662, 1.285
1.684, 1.308, 1.684, 1.331, 1.684, 1.273, 1.684, 1.331
1.705, 1.331, 1.705, 1.371, 1.705, 1.354, 1.705, 1.331
1.726, 1.365, 1.726, 1.423, 1.726, 1.325, 1.726, 1.371
1.745, 1.388, 1.745, 1.428, 1.745, 1.434, 1.745, 1.417
1.765, 1.423, 1.765, 1.457, 1.765, 1.423, 1.765, 1.428
1.783, 1.428, 1.783, 1.480, 1.783, 1.434, 1.783, 1.469
1.801, 1.492, 1.801, 1.520, 1.801, 1.469, 1.801, 1.469
1.818, 1.469, 1.818, 1.520, 1.818, 1.480, 1.818, 1.526
1.834, 1.537, 1.834, 1.572, 1.834, 1.537, 1.834, 1.492
1.850, 1.537, 1.850, 1.560, 1.850, 1.474, 1.850, 1.595
1.864, 1.566, 1.864, 1.595, 1.864, 1.618, 1.864, 1.543
